t,sim_time_s,sumo_vehicles,b1_blocked,eta_d1_h1_s,eta_baseline_s,accessibility_degraded
1,1,1,False,131.8383729301656,,False
2,2,1,False,131.8383729301656,,False
3,3,1,False,131.8383729301656,,False
4,4,1,False,131.8383729301656,,False
5,5,1,False,131.8383729301656,,False
6,6,1,False,131.8383729301656,,False
7,7,1,False,131.8383729301656,,False
8,8,1,False,131.8383729301656,,False
9,9,2,False,131.8383729301656,,False
10,10,2,False,131.8383729301656,131.8383729301656,False
11,11,2,False,131.8383729301656,131.8383729301656,False
12,12,3,False,131.8383729301656,131.8383729301656,False
13,13,3,False,131.8383729301656,131.8383729301656,False
14,14,3,False,131.8383729301656,131.8383729301656,False
15,15,3,False,131.8383729301656,131.8383729301656,False
16,16,3,False,131.8383729301656,131.8383729301656,False
17,17,4,False,131.8383729301656,131.8383729301656,False
18,18,4,False,131.8383729301656,131.8383729301656,False
19,19,4,False,131.8383729301656,131.8383729301656,False
20,20,4,False,131.8383729301656,131.8383729301656,False
21,21,4,False,131.8383729301656,131.8383729301656,False
22,22,4,False,131.8383729301656,131.8383729301656,False
23,23,4,False,131.8383729301656,131.8383729301656,False
24,24,4,False,131.8383729301656,131.8383729301656,False
25,25,5,False,131.8383729301656,131.8383729301656,False
26,26,5,False,131.8383729301656,131.8383729301656,False
27,27,5,False,131.8383729301656,131.8383729301656,False
28,28,6,False,131.8383729301656,131.8383729301656,False
29,29,6,False,131.8383729301656,131.8383729301656,False
30,30,6,False,131.8383729301656,131.8383729301656,False
31,31,6,False,131.8383729301656,131.8383729301656,False
32,32,6,False,131.8383729301656,131.8383729301656,False
33,33,6,False,131.8383729301656,131.8383729301656,False
34,34,6,False,131.8383729301656,131.8383729301656,False
35,35,6,False,131.8383729301656,131.8383729301656,False
36,36,7,False,131.8383729301656,131.8383729301656,False
37,37,7,False,131.8383729301656,131.8383729301656,False
38,38,7,False,131.8383729301656,131.8383729301656,False
39,39,7,False,131.8383729301656,131.8383729301656,False
40,40,7,False,131.8383729301656,131.8383729301656,False
41,41,7,False,131.8383729301656,131.8383729301656,False
42,42,7,False,131.8383729301656,131.8383729301656,False
43,43,8,False,131.8383729301656,131.8383729301656,False
44,44,8,False,131.8383729301656,131.8383729301656,False
45,45,8,False,131.8383729301656,131.8383729301656,False
46,46,8,False,131.8383729301656,131.8383729301656,False
47,47,8,False,131.8383729301656,131.8383729301656,False
48,48,9,False,131.8383729301656,131.8383729301656,False
49,49,9,False,131.8383729301656,131.8383729301656,False
50,50,9,False,131.8383729301656,131.8383729301656,False
51,51,10,False,131.8383729301656,131.8383729301656,False
52,52,10,False,131.8383729301656,131.8383729301656,False
53,53,10,False,131.8383729301656,131.8383729301656,False
54,54,10,False,131.8383729301656,131.8383729301656,False
55,55,10,False,131.8383729301656,131.8383729301656,False
56,56,10,False,131.8383729301656,131.8383729301656,False
57,57,11,False,131.8383729301656,131.8383729301656,False
58,58,11,False,131.8383729301656,131.8383729301656,False
59,59,11,False,131.8383729301656,131.8383729301656,False
60,60,11,False,131.8383729301656,131.8383729301656,False
61,61,11,False,131.8383729301656,131.8383729301656,False
62,62,11,False,131.8383729301656,131.8383729301656,False
63,63,11,False,131.8383729301656,131.8383729301656,False
64,64,11,False,131.8383729301656,131.8383729301656,False
65,65,11,False,131.8383729301656,131.8383729301656,False
66,66,11,False,131.8383729301656,131.8383729301656,False
67,67,12,False,131.8383729301656,131.8383729301656,False
68,68,12,False,131.8383729301656,131.8383729301656,False
69,69,12,False,131.8383729301656,131.8383729301656,False
70,70,12,False,131.8383729301656,131.8383729301656,False
71,71,12,False,131.8383729301656,131.8383729301656,False
72,72,12,False,131.8383729301656,131.8383729301656,False
73,73,11,False,131.8383729301656,131.8383729301656,False
74,74,11,False,131.8383729301656,131.8383729301656,False
75,75,11,False,131.8383729301656,131.8383729301656,False
76,76,11,False,131.8383729301656,131.8383729301656,False
77,77,11,False,131.8383729301656,131.8383729301656,False
78,78,12,False,131.8383729301656,131.8383729301656,False
79,79,12,False,131.8383729301656,131.8383729301656,False
80,80,12,False,131.8383729301656,131.8383729301656,False
81,81,13,False,131.8383729301656,131.8383729301656,False
82,82,13,False,131.8383729301656,131.8383729301656,False
83,83,13,False,131.8383729301656,131.8383729301656,False
84,84,13,False,131.8383729301656,131.8383729301656,False
85,85,13,False,131.8383729301656,131.8383729301656,False
86,86,13,False,131.8383729301656,131.8383729301656,False
87,87,14,False,131.8383729301656,131.8383729301656,False
88,88,14,False,131.8383729301656,131.8383729301656,False
89,89,14,False,131.8383729301656,131.8383729301656,False
90,90,13,False,131.8383729301656,131.8383729301656,False
91,91,13,False,131.8383729301656,131.8383729301656,False
92,92,14,False,131.8383729301656,131.8383729301656,False
93,93,14,False,131.8383729301656,131.8383729301656,False
94,94,14,False,131.8383729301656,131.8383729301656,False
95,95,14,False,131.8383729301656,131.8383729301656,False
96,96,14,False,131.8383729301656,131.8383729301656,False
97,97,15,False,131.8383729301656,131.8383729301656,False
98,98,15,False,131.8383729301656,131.8383729301656,False
99,99,15,False,131.8383729301656,131.8383729301656,False
100,100,15,False,131.8383729301656,131.8383729301656,False
101,101,15,False,131.8383729301656,131.8383729301656,False
102,102,14,False,131.8383729301656,131.8383729301656,False
103,103,14,False,131.8383729301656,131.8383729301656,False
104,104,14,False,131.8383729301656,131.8383729301656,False
105,105,14,False,131.8383729301656,131.8383729301656,False
106,106,14,False,131.8383729301656,131.8383729301656,False
107,107,14,False,131.8383729301656,131.8383729301656,False
108,108,14,False,131.8383729301656,131.8383729301656,False
109,109,14,False,131.8383729301656,131.8383729301656,False
110,110,14,False,131.8383729301656,131.8383729301656,False
111,111,14,False,131.8383729301656,131.8383729301656,False
112,112,14,False,131.8383729301656,131.8383729301656,False
113,113,14,False,131.8383729301656,131.8383729301656,False
114,114,14,False,131.8383729301656,131.8383729301656,False
115,115,14,False,131.8383729301656,131.8383729301656,False
116,116,14,False,131.8383729301656,131.8383729301656,False
117,117,15,False,131.8383729301656,131.8383729301656,False
118,118,15,False,131.8383729301656,131.8383729301656,False
119,119,16,False,131.8383729301656,131.8383729301656,False
120,120,16,False,131.8383729301656,131.8383729301656,False
121,121,16,False,131.8383729301656,131.8383729301656,False
122,122,17,False,131.8383729301656,131.8383729301656,False
123,123,17,False,131.8383729301656,131.8383729301656,False
124,124,17,False,131.8383729301656,131.8383729301656,False
125,125,17,False,131.8383729301656,131.8383729301656,False
126,126,17,False,131.8383729301656,131.8383729301656,False
127,127,17,False,131.8383729301656,131.8383729301656,False
128,128,18,False,131.8383729301656,131.8383729301656,False
129,129,18,False,131.8383729301656,131.8383729301656,False
130,130,18,False,131.8383729301656,131.8383729301656,False
131,131,19,False,131.8383729301656,131.8383729301656,False
132,132,19,False,131.8383729301656,131.8383729301656,False
133,133,19,False,131.8383729301656,131.8383729301656,False
134,134,20,False,131.8383729301656,131.8383729301656,False
135,135,20,False,131.8383729301656,131.8383729301656,False
136,136,20,False,131.8383729301656,131.8383729301656,False
137,137,20,False,131.8383729301656,131.8383729301656,False
138,138,20,False,131.8383729301656,131.8383729301656,False
139,139,20,False,131.8383729301656,131.8383729301656,False
140,140,20,False,131.8383729301656,131.8383729301656,False
141,141,20,False,131.8383729301656,131.8383729301656,False
142,142,20,False,131.8383729301656,131.8383729301656,False
143,143,20,False,131.8383729301656,131.8383729301656,False
144,144,20,False,131.8383729301656,131.8383729301656,False
145,145,20,False,131.8383729301656,131.8383729301656,False
146,146,21,False,131.8383729301656,131.8383729301656,False
147,147,21,False,131.8383729301656,131.8383729301656,False
148,148,21,False,131.8383729301656,131.8383729301656,False
149,149,21,False,131.8383729301656,131.8383729301656,False
150,150,21,False,131.8383729301656,131.8383729301656,False
151,151,21,False,131.8383729301656,131.8383729301656,False
152,152,20,False,131.8383729301656,131.8383729301656,False
153,153,20,False,131.8383729301656,131.8383729301656,False
154,154,20,False,131.8383729301656,131.8383729301656,False
155,155,20,False,131.8383729301656,131.8383729301656,False
156,156,21,False,131.8383729301656,131.8383729301656,False
157,157,21,False,131.8383729301656,131.8383729301656,False
158,158,21,False,131.8383729301656,131.8383729301656,False
159,159,21,False,131.8383729301656,131.8383729301656,False
160,160,21,False,131.8383729301656,131.8383729301656,False
161,161,21,False,131.8383729301656,131.8383729301656,False
162,162,21,False,131.8383729301656,131.8383729301656,False
163,163,21,False,131.8383729301656,131.8383729301656,False
164,164,22,False,131.8383729301656,131.8383729301656,False
165,165,22,False,131.8383729301656,131.8383729301656,False
166,166,22,False,131.8383729301656,131.8383729301656,False
167,167,23,False,131.8383729301656,131.8383729301656,False
168,168,23,False,131.8383729301656,131.8383729301656,False
169,169,23,False,131.8383729301656,131.8383729301656,False
170,170,23,False,131.8383729301656,131.8383729301656,False
171,171,23,False,131.8383729301656,131.8383729301656,False
172,172,23,False,131.8383729301656,131.8383729301656,False
173,173,23,False,131.8383729301656,131.8383729301656,False
174,174,23,False,131.8383729301656,131.8383729301656,False
175,175,24,False,131.8383729301656,131.8383729301656,False
176,176,23,False,131.8383729301656,131.8383729301656,False
177,177,23,False,131.8383729301656,131.8383729301656,False
178,178,23,False,131.8383729301656,131.8383729301656,False
179,179,23,False,131.8383729301656,131.8383729301656,False
180,180,23,False,131.8383729301656,131.8383729301656,False
181,181,23,False,131.8383729301656,131.8383729301656,False
182,182,24,False,131.8383729301656,131.8383729301656,False
183,183,24,False,131.8383729301656,131.8383729301656,False
184,184,24,False,131.8383729301656,131.8383729301656,False
185,185,24,False,131.8383729301656,131.8383729301656,False
186,186,24,False,131.8383729301656,131.8383729301656,False
187,187,24,False,131.8383729301656,131.8383729301656,False
188,188,24,False,131.8383729301656,131.8383729301656,False
189,189,24,False,131.8383729301656,131.8383729301656,False
190,190,24,False,131.8383729301656,131.8383729301656,False
191,191,24,False,131.8383729301656,131.8383729301656,False
192,192,24,False,131.8383729301656,131.8383729301656,False
193,193,24,False,131.8383729301656,131.8383729301656,False
194,194,25,False,131.8383729301656,131.8383729301656,False
195,195,25,False,131.8383729301656,131.8383729301656,False
196,196,25,False,131.8383729301656,131.8383729301656,False
197,197,25,False,131.8383729301656,131.8383729301656,False
198,198,25,False,131.8383729301656,131.8383729301656,False
199,199,25,False,131.8383729301656,131.8383729301656,False
200,200,25,False,131.8383729301656,131.8383729301656,False
201,201,25,False,131.8383729301656,131.8383729301656,False
202,202,26,False,131.8383729301656,131.8383729301656,False
203,203,26,False,131.8383729301656,131.8383729301656,False
204,204,26,False,131.8383729301656,131.8383729301656,False
205,205,26,False,131.8383729301656,131.8383729301656,False
206,206,26,False,131.8383729301656,131.8383729301656,False
207,207,25,False,131.8383729301656,131.8383729301656,False
208,208,26,False,131.8383729301656,131.8383729301656,False
209,209,26,False,131.8383729301656,131.8383729301656,False
210,210,26,False,131.8383729301656,131.8383729301656,False
211,211,27,False,131.8383729301656,131.8383729301656,False
212,212,27,False,131.8383729301656,131.8383729301656,False
213,213,27,False,131.8383729301656,131.8383729301656,False
214,214,27,False,131.8383729301656,131.8383729301656,False
215,215,27,False,131.8383729301656,131.8383729301656,False
216,216,27,False,131.8383729301656,131.8383729301656,False
217,217,27,False,131.8383729301656,131.8383729301656,False
218,218,27,False,131.8383729301656,131.8383729301656,False
219,219,27,False,131.8383729301656,131.8383729301656,False
220,220,27,False,131.8383729301656,131.8383729301656,False
221,221,28,False,131.8383729301656,131.8383729301656,False
222,222,28,False,131.8383729301656,131.8383729301656,False
223,223,29,False,131.8383729301656,131.8383729301656,False
224,224,29,False,131.8383729301656,131.8383729301656,False
225,225,29,False,131.8383729301656,131.8383729301656,False
226,226,29,False,131.8383729301656,131.8383729301656,False
227,227,29,False,131.8383729301656,131.8383729301656,False
228,228,29,False,131.8383729301656,131.8383729301656,False
229,229,29,False,131.8383729301656,131.8383729301656,False
230,230,30,False,131.8383729301656,131.8383729301656,False
231,231,30,False,131.8383729301656,131.8383729301656,False
232,232,29,False,131.8383729301656,131.8383729301656,False
233,233,29,False,131.8383729301656,131.8383729301656,False
234,234,29,False,131.8383729301656,131.8383729301656,False
235,235,29,False,131.8383729301656,131.8383729301656,False
236,236,29,False,131.8383729301656,131.8383729301656,False
237,237,30,False,131.8383729301656,131.8383729301656,False
238,238,30,False,131.8383729301656,131.8383729301656,False
239,239,30,False,131.8383729301656,131.8383729301656,False
240,240,30,False,131.8383729301656,131.8383729301656,False
241,241,31,False,131.8383729301656,131.8383729301656,False
242,242,31,False,131.8383729301656,131.8383729301656,False
243,243,31,False,131.8383729301656,131.8383729301656,False
244,244,31,False,131.8383729301656,131.8383729301656,False
245,245,31,False,131.8383729301656,131.8383729301656,False
246,246,31,False,131.8383729301656,131.8383729301656,False
247,247,31,False,131.8383729301656,131.8383729301656,False
248,248,30,False,131.8383729301656,131.8383729301656,False
249,249,31,False,131.8383729301656,131.8383729301656,False
250,250,31,False,131.8383729301656,131.8383729301656,False
251,251,31,False,131.8383729301656,131.8383729301656,False
252,252,31,False,131.8383729301656,131.8383729301656,False
253,253,31,False,131.8383729301656,131.8383729301656,False
254,254,31,False,131.8383729301656,131.8383729301656,False
255,255,31,False,131.8383729301656,131.8383729301656,False
256,256,31,False,131.8383729301656,131.8383729301656,False
257,257,32,False,131.8383729301656,131.8383729301656,False
258,258,32,False,131.8383729301656,131.8383729301656,False
259,259,32,False,131.8383729301656,131.8383729301656,False
260,260,32,False,131.8383729301656,131.8383729301656,False
261,261,32,False,131.8383729301656,131.8383729301656,False
262,262,33,False,131.8383729301656,131.8383729301656,False
263,263,33,False,131.8383729301656,131.8383729301656,False
264,264,33,False,131.8383729301656,131.8383729301656,False
265,265,33,False,131.8383729301656,131.8383729301656,False
266,266,33,False,131.8383729301656,131.8383729301656,False
267,267,33,False,131.8383729301656,131.8383729301656,False
268,268,33,False,131.8383729301656,131.8383729301656,False
269,269,33,False,131.8383729301656,131.8383729301656,False
270,270,33,False,131.8383729301656,131.8383729301656,False
271,271,32,False,131.8383729301656,131.8383729301656,False
272,272,32,False,131.8383729301656,131.8383729301656,False
273,273,33,False,131.8383729301656,131.8383729301656,False
274,274,33,False,131.8383729301656,131.8383729301656,False
275,275,33,False,131.8383729301656,131.8383729301656,False
276,276,33,False,131.8383729301656,131.8383729301656,False
277,277,33,False,131.8383729301656,131.8383729301656,False
278,278,33,False,131.8383729301656,131.8383729301656,False
279,279,33,False,131.8383729301656,131.8383729301656,False
280,280,33,False,131.8383729301656,131.8383729301656,False
281,281,33,False,131.8383729301656,131.8383729301656,False
282,282,33,False,131.8383729301656,131.8383729301656,False
283,283,33,False,131.8383729301656,131.8383729301656,False
284,284,34,False,131.8383729301656,131.8383729301656,False
285,285,34,False,131.8383729301656,131.8383729301656,False
286,286,34,False,131.8383729301656,131.8383729301656,False
287,287,34,False,131.8383729301656,131.8383729301656,False
288,288,34,False,131.8383729301656,131.8383729301656,False
289,289,34,False,131.8383729301656,131.8383729301656,False
290,290,33,False,131.8383729301656,131.8383729301656,False
291,291,33,False,131.8383729301656,131.8383729301656,False
292,292,33,False,131.8383729301656,131.8383729301656,False
293,293,33,False,131.8383729301656,131.8383729301656,False
294,294,33,False,131.8383729301656,131.8383729301656,False
295,295,33,False,131.8383729301656,131.8383729301656,False
296,296,33,False,131.8383729301656,131.8383729301656,False
297,297,33,False,131.8383729301656,131.8383729301656,False
298,298,33,False,131.8383729301656,131.8383729301656,False
299,299,33,False,131.8383729301656,131.8383729301656,False
300,300,33,False,131.8383729301656,131.8383729301656,False
301,301,33,True,181.7627789776818,131.8383729301656,False
302,302,33,True,181.7627789776818,131.8383729301656,False
303,303,33,True,181.7627789776818,131.8383729301656,False
304,304,33,True,181.7627789776818,131.8383729301656,False
305,305,33,True,181.7627789776818,131.8383729301656,False
306,306,33,True,181.7627789776818,131.8383729301656,False
307,307,33,True,181.7627789776818,131.8383729301656,False
308,308,32,True,181.7627789776818,131.8383729301656,False
309,309,31,True,181.7627789776818,131.8383729301656,False
310,310,31,True,181.7627789776818,131.8383729301656,False
311,311,31,True,181.7627789776818,131.8383729301656,False
312,312,31,True,181.7627789776818,131.8383729301656,False
313,313,31,True,181.7627789776818,131.8383729301656,False
314,314,29,True,181.7627789776818,131.8383729301656,False
315,315,29,True,181.7627789776818,131.8383729301656,False
316,316,29,True,181.7627789776818,131.8383729301656,False
317,317,29,True,181.7627789776818,131.8383729301656,False
318,318,29,True,181.7627789776818,131.8383729301656,False
319,319,29,True,181.7627789776818,131.8383729301656,False
320,320,29,True,181.7627789776818,131.8383729301656,False
321,321,29,True,181.7627789776818,131.8383729301656,False
322,322,29,True,181.7627789776818,131.8383729301656,False
323,323,29,True,181.7627789776818,131.8383729301656,False
324,324,28,True,181.7627789776818,131.8383729301656,False
325,325,28,True,181.7627789776818,131.8383729301656,False
326,326,28,True,181.7627789776818,131.8383729301656,False
327,327,28,True,181.7627789776818,131.8383729301656,False
328,328,27,True,181.7627789776818,131.8383729301656,False
329,329,27,True,181.7627789776818,131.8383729301656,False
330,330,27,True,181.7627789776818,131.8383729301656,False
331,331,26,True,181.7627789776818,131.8383729301656,False
332,332,26,True,181.7627789776818,131.8383729301656,False
333,333,26,True,181.7627789776818,131.8383729301656,False
334,334,26,True,181.7627789776818,131.8383729301656,False
335,335,26,True,181.7627789776818,131.8383729301656,False
336,336,26,True,181.7627789776818,131.8383729301656,False
337,337,26,True,181.7627789776818,131.8383729301656,False
338,338,26,True,181.7627789776818,131.8383729301656,False
339,339,26,True,181.7627789776818,131.8383729301656,False
340,340,26,True,181.7627789776818,131.8383729301656,False
341,341,26,True,181.7627789776818,131.8383729301656,False
342,342,26,True,181.7627789776818,131.8383729301656,False
343,343,26,True,181.7627789776818,131.8383729301656,False
344,344,25,True,181.7627789776818,131.8383729301656,False
345,345,24,True,181.7627789776818,131.8383729301656,False
346,346,24,True,181.7627789776818,131.8383729301656,False
347,347,24,True,181.7627789776818,131.8383729301656,False
348,348,22,True,181.7627789776818,131.8383729301656,False
349,349,22,True,181.7627789776818,131.8383729301656,False
350,350,21,True,181.7627789776818,131.8383729301656,False
351,351,21,True,181.7627789776818,131.8383729301656,False
352,352,21,True,181.7627789776818,131.8383729301656,False
353,353,20,True,181.7627789776818,131.8383729301656,False
354,354,20,True,181.7627789776818,131.8383729301656,False
355,355,20,True,181.7627789776818,131.8383729301656,False
356,356,19,True,181.7627789776818,131.8383729301656,False
357,357,18,True,181.7627789776818,131.8383729301656,False
358,358,18,True,181.7627789776818,131.8383729301656,False
359,359,18,True,181.7627789776818,131.8383729301656,False
360,360,18,True,181.7627789776818,131.8383729301656,False
361,361,18,True,181.7627789776818,131.8383729301656,False
362,362,18,True,181.7627789776818,131.8383729301656,False
363,363,18,True,181.7627789776818,131.8383729301656,False
364,364,18,True,181.7627789776818,131.8383729301656,False
365,365,18,True,181.7627789776818,131.8383729301656,False
366,366,17,True,181.7627789776818,131.8383729301656,False
367,367,17,True,181.7627789776818,131.8383729301656,False
368,368,16,True,181.7627789776818,131.8383729301656,False
369,369,16,True,181.7627789776818,131.8383729301656,False
370,370,15,True,181.7627789776818,131.8383729301656,False
371,371,15,True,181.7627789776818,131.8383729301656,False
372,372,15,True,181.7627789776818,131.8383729301656,False
373,373,15,True,181.7627789776818,131.8383729301656,False
374,374,15,True,181.7627789776818,131.8383729301656,False
375,375,15,True,181.7627789776818,131.8383729301656,False
376,376,15,True,181.7627789776818,131.8383729301656,False
377,377,15,True,181.7627789776818,131.8383729301656,False
378,378,15,True,181.7627789776818,131.8383729301656,False
379,379,14,True,181.7627789776818,131.8383729301656,False
380,380,14,True,181.7627789776818,131.8383729301656,False
381,381,13,True,181.7627789776818,131.8383729301656,False
382,382,13,True,181.7627789776818,131.8383729301656,False
383,383,13,True,181.7627789776818,131.8383729301656,False
384,384,13,True,181.7627789776818,131.8383729301656,False
385,385,13,True,181.7627789776818,131.8383729301656,False
386,386,13,True,181.7627789776818,131.8383729301656,False
387,387,13,True,181.7627789776818,131.8383729301656,False
388,388,13,True,181.7627789776818,131.8383729301656,False
389,389,13,True,181.7627789776818,131.8383729301656,False
390,390,13,True,181.7627789776818,131.8383729301656,False
391,391,13,True,181.7627789776818,131.8383729301656,False
392,392,13,True,181.7627789776818,131.8383729301656,False
393,393,13,True,181.7627789776818,131.8383729301656,False
394,394,12,True,181.7627789776818,131.8383729301656,False
395,395,12,True,181.7627789776818,131.8383729301656,False
396,396,12,True,181.7627789776818,131.8383729301656,False
397,397,12,True,181.7627789776818,131.8383729301656,False
398,398,12,True,181.7627789776818,131.8383729301656,False
399,399,12,True,181.7627789776818,131.8383729301656,False
400,400,11,True,181.7627789776818,131.8383729301656,False
401,401,11,True,181.7627789776818,131.8383729301656,False
402,402,11,True,181.7627789776818,131.8383729301656,False
403,403,11,True,181.7627789776818,131.8383729301656,False
404,404,11,True,181.7627789776818,131.8383729301656,False
405,405,11,True,181.7627789776818,131.8383729301656,False
406,406,11,True,181.7627789776818,131.8383729301656,False
407,407,11,True,181.7627789776818,131.8383729301656,False
408,408,11,True,181.7627789776818,131.8383729301656,False
409,409,11,True,181.7627789776818,131.8383729301656,False
410,410,11,True,181.7627789776818,131.8383729301656,False
411,411,11,True,181.7627789776818,131.8383729301656,False
412,412,11,True,181.7627789776818,131.8383729301656,False
413,413,11,True,181.7627789776818,131.8383729301656,False
414,414,11,True,181.7627789776818,131.8383729301656,False
415,415,11,True,181.7627789776818,131.8383729301656,False
416,416,11,True,181.7627789776818,131.8383729301656,False
417,417,11,True,181.7627789776818,131.8383729301656,False
418,418,11,True,181.7627789776818,131.8383729301656,False
419,419,11,True,181.7627789776818,131.8383729301656,False
420,420,11,True,181.7627789776818,131.8383729301656,False
421,421,11,True,181.7627789776818,131.8383729301656,False
422,422,10,True,181.7627789776818,131.8383729301656,False
423,423,10,True,181.7627789776818,131.8383729301656,False
424,424,10,True,181.7627789776818,131.8383729301656,False
425,425,10,True,181.7627789776818,131.8383729301656,False
426,426,10,True,181.7627789776818,131.8383729301656,False
427,427,10,True,181.7627789776818,131.8383729301656,False
428,428,10,True,181.7627789776818,131.8383729301656,False
429,429,9,True,181.7627789776818,131.8383729301656,False
430,430,9,True,181.7627789776818,131.8383729301656,False
431,431,9,True,181.7627789776818,131.8383729301656,False
432,432,8,True,181.7627789776818,131.8383729301656,False
433,433,8,True,181.7627789776818,131.8383729301656,False
434,434,8,True,181.7627789776818,131.8383729301656,False
435,435,7,True,181.7627789776818,131.8383729301656,False
436,436,7,True,181.7627789776818,131.8383729301656,False
437,437,6,True,181.7627789776818,131.8383729301656,False
438,438,6,True,181.7627789776818,131.8383729301656,False
439,439,5,True,181.7627789776818,131.8383729301656,False
440,440,5,True,181.7627789776818,131.8383729301656,False
441,441,5,True,181.7627789776818,131.8383729301656,False
442,442,5,True,181.7627789776818,131.8383729301656,False
443,443,5,True,181.7627789776818,131.8383729301656,False
444,444,5,True,181.7627789776818,131.8383729301656,False
445,445,5,True,181.7627789776818,131.8383729301656,False
446,446,5,True,181.7627789776818,131.8383729301656,False
447,447,5,True,181.7627789776818,131.8383729301656,False
448,448,5,True,181.7627789776818,131.8383729301656,False
449,449,5,True,181.7627789776818,131.8383729301656,False
450,450,5,True,181.7627789776818,131.8383729301656,False
451,451,5,True,181.7627789776818,131.8383729301656,False
452,452,5,True,181.7627789776818,131.8383729301656,False
453,453,5,True,181.7627789776818,131.8383729301656,False
454,454,5,True,181.7627789776818,131.8383729301656,False
455,455,5,True,181.7627789776818,131.8383729301656,False
456,456,5,True,181.7627789776818,131.8383729301656,False
457,457,4,True,181.7627789776818,131.8383729301656,False
458,458,4,True,181.7627789776818,131.8383729301656,False
459,459,4,True,181.7627789776818,131.8383729301656,False
460,460,4,True,181.7627789776818,131.8383729301656,False
461,461,4,True,181.7627789776818,131.8383729301656,False
462,462,3,True,181.7627789776818,131.8383729301656,False
463,463,3,True,181.7627789776818,131.8383729301656,False
464,464,3,True,181.7627789776818,131.8383729301656,False
465,465,3,True,181.7627789776818,131.8383729301656,False
466,466,3,True,181.7627789776818,131.8383729301656,False
467,467,3,True,181.7627789776818,131.8383729301656,False
468,468,3,True,181.7627789776818,131.8383729301656,False
469,469,3,True,181.7627789776818,131.8383729301656,False
470,470,3,True,181.7627789776818,131.8383729301656,False
471,471,3,True,181.7627789776818,131.8383729301656,False
472,472,3,True,181.7627789776818,131.8383729301656,False
473,473,3,True,181.7627789776818,131.8383729301656,False
474,474,3,True,181.7627789776818,131.8383729301656,False
475,475,3,True,181.7627789776818,131.8383729301656,False
476,476,3,True,181.7627789776818,131.8383729301656,False
477,477,3,True,181.7627789776818,131.8383729301656,False
478,478,3,True,181.7627789776818,131.8383729301656,False
479,479,3,True,181.7627789776818,131.8383729301656,False
480,480,3,True,181.7627789776818,131.8383729301656,False
481,481,3,True,181.7627789776818,131.8383729301656,False
482,482,3,True,181.7627789776818,131.8383729301656,False
483,483,3,True,181.7627789776818,131.8383729301656,False
484,484,3,True,181.7627789776818,131.8383729301656,False
485,485,3,True,181.7627789776818,131.8383729301656,False
486,486,3,True,181.7627789776818,131.8383729301656,False
487,487,3,True,181.7627789776818,131.8383729301656,False
488,488,3,True,181.7627789776818,131.8383729301656,False
489,489,3,True,181.7627789776818,131.8383729301656,False
490,490,3,True,181.7627789776818,131.8383729301656,False
491,491,3,True,181.7627789776818,131.8383729301656,False
492,492,3,True,181.7627789776818,131.8383729301656,False
493,493,3,True,181.7627789776818,131.8383729301656,False
494,494,3,True,181.7627789776818,131.8383729301656,False
495,495,3,True,181.7627789776818,131.8383729301656,False
496,496,3,True,181.7627789776818,131.8383729301656,False
497,497,3,True,181.7627789776818,131.8383729301656,False
498,498,3,True,181.7627789776818,131.8383729301656,False
499,499,3,True,181.7627789776818,131.8383729301656,False
500,500,3,True,181.7627789776818,131.8383729301656,False
501,501,3,True,181.7627789776818,131.8383729301656,False
502,502,3,True,181.7627789776818,131.8383729301656,False
503,503,3,True,181.7627789776818,131.8383729301656,False
504,504,3,True,181.7627789776818,131.8383729301656,False
505,505,3,True,181.7627789776818,131.8383729301656,False
506,506,2,True,181.7627789776818,131.8383729301656,False
507,507,2,True,181.7627789776818,131.8383729301656,False
508,508,2,True,181.7627789776818,131.8383729301656,False
509,509,2,True,181.7627789776818,131.8383729301656,False
510,510,2,True,181.7627789776818,131.8383729301656,False
511,511,2,True,181.7627789776818,131.8383729301656,False
512,512,2,True,181.7627789776818,131.8383729301656,False
513,513,1,True,181.7627789776818,131.8383729301656,False
514,514,1,True,181.7627789776818,131.8383729301656,False
515,515,1,True,181.7627789776818,131.8383729301656,False
516,516,1,True,181.7627789776818,131.8383729301656,False
517,517,1,True,181.7627789776818,131.8383729301656,False
518,518,1,True,181.7627789776818,131.8383729301656,False
519,519,1,True,181.7627789776818,131.8383729301656,False
520,520,1,True,181.7627789776818,131.8383729301656,False
521,521,1,True,181.7627789776818,131.8383729301656,False
522,522,1,True,181.7627789776818,131.8383729301656,False
523,523,1,True,181.7627789776818,131.8383729301656,False
524,524,1,True,181.7627789776818,131.8383729301656,False
525,525,1,True,181.7627789776818,131.8383729301656,False
526,526,1,True,181.7627789776818,131.8383729301656,False
527,527,1,True,181.7627789776818,131.8383729301656,False
528,528,1,True,181.7627789776818,131.8383729301656,False
529,529,1,True,181.7627789776818,131.8383729301656,False
530,530,1,True,181.7627789776818,131.8383729301656,False
531,531,1,True,181.7627789776818,131.8383729301656,False
532,532,1,True,181.7627789776818,131.8383729301656,False
533,533,1,True,181.7627789776818,131.8383729301656,False
534,534,1,True,181.7627789776818,131.8383729301656,False
535,535,1,True,181.7627789776818,131.8383729301656,False
536,536,1,True,181.7627789776818,131.8383729301656,False
537,537,1,True,181.7627789776818,131.8383729301656,False
538,538,1,True,181.7627789776818,131.8383729301656,False
539,539,1,True,181.7627789776818,131.8383729301656,False
540,540,1,True,181.7627789776818,131.8383729301656,False
541,541,1,True,181.7627789776818,131.8383729301656,False
542,542,1,True,181.7627789776818,131.8383729301656,False
543,543,1,True,181.7627789776818,131.8383729301656,False
544,544,1,True,181.7627789776818,131.8383729301656,False
545,545,1,True,181.7627789776818,131.8383729301656,False
546,546,1,True,181.7627789776818,131.8383729301656,False
547,547,1,True,181.7627789776818,131.8383729301656,False
548,548,1,True,181.7627789776818,131.8383729301656,False
549,549,1,True,181.7627789776818,131.8383729301656,False
550,550,1,True,181.7627789776818,131.8383729301656,False
551,551,1,True,181.7627789776818,131.8383729301656,False
552,552,1,True,181.7627789776818,131.8383729301656,False
553,553,0,True,181.7627789776818,131.8383729301656,False
554,554,0,True,181.7627789776818,131.8383729301656,False
555,555,0,True,181.7627789776818,131.8383729301656,False
556,556,0,True,181.7627789776818,131.8383729301656,False
557,557,0,True,181.7627789776818,131.8383729301656,False
558,558,0,True,181.7627789776818,131.8383729301656,False
559,559,0,True,181.7627789776818,131.8383729301656,False
560,560,0,True,181.7627789776818,131.8383729301656,False
561,561,0,True,181.7627789776818,131.8383729301656,False
562,562,0,True,181.7627789776818,131.8383729301656,False
563,563,0,True,181.7627789776818,131.8383729301656,False
564,564,0,True,181.7627789776818,131.8383729301656,False
565,565,0,True,181.7627789776818,131.8383729301656,False
566,566,0,True,181.7627789776818,131.8383729301656,False
567,567,0,True,181.7627789776818,131.8383729301656,False
568,568,0,True,181.7627789776818,131.8383729301656,False
569,569,0,True,181.7627789776818,131.8383729301656,False
570,570,0,True,181.7627789776818,131.8383729301656,False
571,571,0,True,181.7627789776818,131.8383729301656,False
572,572,0,True,181.7627789776818,131.8383729301656,False
573,573,0,True,181.7627789776818,131.8383729301656,False
574,574,0,True,181.7627789776818,131.8383729301656,False
575,575,0,True,181.7627789776818,131.8383729301656,False
576,576,0,True,181.7627789776818,131.8383729301656,False
577,577,0,True,181.7627789776818,131.8383729301656,False
578,578,0,True,181.7627789776818,131.8383729301656,False
579,579,0,True,181.7627789776818,131.8383729301656,False
580,580,0,True,181.7627789776818,131.8383729301656,False
581,581,0,True,181.7627789776818,131.8383729301656,False
582,582,0,True,181.7627789776818,131.8383729301656,False
583,583,0,True,181.7627789776818,131.8383729301656,False
584,584,0,True,181.7627789776818,131.8383729301656,False
585,585,0,True,181.7627789776818,131.8383729301656,False
586,586,0,True,181.7627789776818,131.8383729301656,False
587,587,0,True,181.7627789776818,131.8383729301656,False
588,588,0,True,181.7627789776818,131.8383729301656,False
589,589,0,True,181.7627789776818,131.8383729301656,False
590,590,0,True,181.7627789776818,131.8383729301656,False
591,591,0,True,181.7627789776818,131.8383729301656,False
592,592,0,True,181.7627789776818,131.8383729301656,False
593,593,0,True,181.7627789776818,131.8383729301656,False
594,594,0,True,181.7627789776818,131.8383729301656,False
595,595,0,True,181.7627789776818,131.8383729301656,False
596,596,0,True,181.7627789776818,131.8383729301656,False
597,597,0,True,181.7627789776818,131.8383729301656,False
598,598,0,True,181.7627789776818,131.8383729301656,False
599,599,0,True,181.7627789776818,131.8383729301656,False
600,600,0,True,181.7627789776818,131.8383729301656,False
601,601,0,True,181.7627789776818,131.8383729301656,False
602,602,0,True,181.7627789776818,131.8383729301656,False
603,603,0,True,181.7627789776818,131.8383729301656,False
604,604,0,True,181.7627789776818,131.8383729301656,False
605,605,0,True,181.7627789776818,131.8383729301656,False
606,606,0,True,181.7627789776818,131.8383729301656,False
607,607,0,True,181.7627789776818,131.8383729301656,False
608,608,0,True,181.7627789776818,131.8383729301656,False
609,609,0,True,181.7627789776818,131.8383729301656,False
610,610,0,True,181.7627789776818,131.8383729301656,False
611,611,0,True,181.7627789776818,131.8383729301656,False
612,612,0,True,181.7627789776818,131.8383729301656,False
613,613,0,True,181.7627789776818,131.8383729301656,False
614,614,0,True,181.7627789776818,131.8383729301656,False
615,615,0,True,181.7627789776818,131.8383729301656,False
616,616,0,True,181.7627789776818,131.8383729301656,False
617,617,0,True,181.7627789776818,131.8383729301656,False
618,618,0,True,181.7627789776818,131.8383729301656,False
619,619,0,True,181.7627789776818,131.8383729301656,False
620,620,0,True,181.7627789776818,131.8383729301656,False
621,621,0,True,181.7627789776818,131.8383729301656,False
622,622,0,True,181.7627789776818,131.8383729301656,False
623,623,0,True,181.7627789776818,131.8383729301656,False
624,624,0,True,181.7627789776818,131.8383729301656,False
625,625,0,True,181.7627789776818,131.8383729301656,False
626,626,0,True,181.7627789776818,131.8383729301656,False
627,627,0,True,181.7627789776818,131.8383729301656,False
628,628,0,True,181.7627789776818,131.8383729301656,False
629,629,0,True,181.7627789776818,131.8383729301656,False
630,630,0,True,181.7627789776818,131.8383729301656,False
631,631,0,True,181.7627789776818,131.8383729301656,False
632,632,0,True,181.7627789776818,131.8383729301656,False
633,633,0,True,181.7627789776818,131.8383729301656,False
634,634,0,True,181.7627789776818,131.8383729301656,False
635,635,0,True,181.7627789776818,131.8383729301656,False
636,636,0,True,181.7627789776818,131.8383729301656,False
637,637,0,True,181.7627789776818,131.8383729301656,False
638,638,0,True,181.7627789776818,131.8383729301656,False
639,639,0,True,181.7627789776818,131.8383729301656,False
640,640,0,True,181.7627789776818,131.8383729301656,False
641,641,0,True,181.7627789776818,131.8383729301656,False
642,642,0,True,181.7627789776818,131.8383729301656,False
643,643,0,True,181.7627789776818,131.8383729301656,False
644,644,0,True,181.7627789776818,131.8383729301656,False
645,645,0,True,181.7627789776818,131.8383729301656,False
646,646,0,True,181.7627789776818,131.8383729301656,False
647,647,0,True,181.7627789776818,131.8383729301656,False
648,648,0,True,181.7627789776818,131.8383729301656,False
649,649,0,True,181.7627789776818,131.8383729301656,False
650,650,0,True,181.7627789776818,131.8383729301656,False
651,651,0,True,181.7627789776818,131.8383729301656,False
652,652,0,True,181.7627789776818,131.8383729301656,False
653,653,0,True,181.7627789776818,131.8383729301656,False
654,654,0,True,181.7627789776818,131.8383729301656,False
655,655,0,True,181.7627789776818,131.8383729301656,False
656,656,0,True,181.7627789776818,131.8383729301656,False
657,657,0,True,181.7627789776818,131.8383729301656,False
658,658,0,True,181.7627789776818,131.8383729301656,False
659,659,0,True,181.7627789776818,131.8383729301656,False
660,660,0,True,181.7627789776818,131.8383729301656,False
661,661,0,True,181.7627789776818,131.8383729301656,False
662,662,0,True,181.7627789776818,131.8383729301656,False
663,663,0,True,181.7627789776818,131.8383729301656,False
664,664,0,True,181.7627789776818,131.8383729301656,False
665,665,0,True,181.7627789776818,131.8383729301656,False
666,666,0,True,181.7627789776818,131.8383729301656,False
667,667,0,True,181.7627789776818,131.8383729301656,False
668,668,0,True,181.7627789776818,131.8383729301656,False
669,669,0,True,181.7627789776818,131.8383729301656,False
670,670,0,True,181.7627789776818,131.8383729301656,False
671,671,0,True,181.7627789776818,131.8383729301656,False
672,672,0,True,181.7627789776818,131.8383729301656,False
673,673,0,True,181.7627789776818,131.8383729301656,False
674,674,0,True,181.7627789776818,131.8383729301656,False
675,675,0,True,181.7627789776818,131.8383729301656,False
676,676,0,True,181.7627789776818,131.8383729301656,False
677,677,0,True,181.7627789776818,131.8383729301656,False
678,678,0,True,181.7627789776818,131.8383729301656,False
679,679,0,True,181.7627789776818,131.8383729301656,False
680,680,0,True,181.7627789776818,131.8383729301656,False
681,681,0,True,181.7627789776818,131.8383729301656,False
682,682,0,True,181.7627789776818,131.8383729301656,False
683,683,0,True,181.7627789776818,131.8383729301656,False
684,684,0,True,181.7627789776818,131.8383729301656,False
685,685,0,True,181.7627789776818,131.8383729301656,False
686,686,0,True,181.7627789776818,131.8383729301656,False
687,687,0,True,181.7627789776818,131.8383729301656,False
688,688,0,True,181.7627789776818,131.8383729301656,False
689,689,0,True,181.7627789776818,131.8383729301656,False
690,690,0,True,181.7627789776818,131.8383729301656,False
691,691,0,True,181.7627789776818,131.8383729301656,False
692,692,0,True,181.7627789776818,131.8383729301656,False
693,693,0,True,181.7627789776818,131.8383729301656,False
694,694,0,True,181.7627789776818,131.8383729301656,False
695,695,0,True,181.7627789776818,131.8383729301656,False
696,696,0,True,181.7627789776818,131.8383729301656,False
697,697,0,True,181.7627789776818,131.8383729301656,False
698,698,0,True,181.7627789776818,131.8383729301656,False
699,699,0,True,181.7627789776818,131.8383729301656,False
700,700,0,True,181.7627789776818,131.8383729301656,False
701,701,0,True,181.7627789776818,131.8383729301656,False
702,702,0,True,181.7627789776818,131.8383729301656,False
703,703,0,True,181.7627789776818,131.8383729301656,False
704,704,0,True,181.7627789776818,131.8383729301656,False
705,705,0,True,181.7627789776818,131.8383729301656,False
706,706,0,True,181.7627789776818,131.8383729301656,False
707,707,0,True,181.7627789776818,131.8383729301656,False
708,708,0,True,181.7627789776818,131.8383729301656,False
709,709,0,True,181.7627789776818,131.8383729301656,False
710,710,0,True,181.7627789776818,131.8383729301656,False
711,711,0,True,181.7627789776818,131.8383729301656,False
712,712,0,True,181.7627789776818,131.8383729301656,False
713,713,0,True,181.7627789776818,131.8383729301656,False
714,714,0,True,181.7627789776818,131.8383729301656,False
715,715,0,True,181.7627789776818,131.8383729301656,False
716,716,0,True,181.7627789776818,131.8383729301656,False
717,717,0,True,181.7627789776818,131.8383729301656,False
718,718,0,True,181.7627789776818,131.8383729301656,False
719,719,0,True,181.7627789776818,131.8383729301656,False
720,720,0,True,181.7627789776818,131.8383729301656,False
721,721,0,True,181.7627789776818,131.8383729301656,False
722,722,0,True,181.7627789776818,131.8383729301656,False
723,723,0,True,181.7627789776818,131.8383729301656,False
724,724,0,True,181.7627789776818,131.8383729301656,False
725,725,0,True,181.7627789776818,131.8383729301656,False
726,726,0,True,181.7627789776818,131.8383729301656,False
727,727,0,True,181.7627789776818,131.8383729301656,False
728,728,0,True,181.7627789776818,131.8383729301656,False
729,729,0,True,181.7627789776818,131.8383729301656,False
730,730,0,True,181.7627789776818,131.8383729301656,False
731,731,0,True,181.7627789776818,131.8383729301656,False
732,732,0,True,181.7627789776818,131.8383729301656,False
733,733,0,True,181.7627789776818,131.8383729301656,False
734,734,0,True,181.7627789776818,131.8383729301656,False
735,735,0,True,181.7627789776818,131.8383729301656,False
736,736,0,True,181.7627789776818,131.8383729301656,False
737,737,0,True,181.7627789776818,131.8383729301656,False
738,738,0,True,181.7627789776818,131.8383729301656,False
739,739,0,True,181.7627789776818,131.8383729301656,False
740,740,0,True,181.7627789776818,131.8383729301656,False
741,741,0,True,181.7627789776818,131.8383729301656,False
742,742,0,True,181.7627789776818,131.8383729301656,False
743,743,0,True,181.7627789776818,131.8383729301656,False
744,744,0,True,181.7627789776818,131.8383729301656,False
745,745,0,True,181.7627789776818,131.8383729301656,False
746,746,0,True,181.7627789776818,131.8383729301656,False
747,747,0,True,181.7627789776818,131.8383729301656,False
748,748,0,True,181.7627789776818,131.8383729301656,False
749,749,0,True,181.7627789776818,131.8383729301656,False
750,750,0,True,181.7627789776818,131.8383729301656,False
751,751,0,True,181.7627789776818,131.8383729301656,False
752,752,0,True,181.7627789776818,131.8383729301656,False
753,753,0,True,181.7627789776818,131.8383729301656,False
754,754,0,True,181.7627789776818,131.8383729301656,False
755,755,0,True,181.7627789776818,131.8383729301656,False
756,756,0,True,181.7627789776818,131.8383729301656,False
757,757,0,True,181.7627789776818,131.8383729301656,False
758,758,0,True,181.7627789776818,131.8383729301656,False
759,759,0,True,181.7627789776818,131.8383729301656,False
760,760,0,True,181.7627789776818,131.8383729301656,False
761,761,0,True,181.7627789776818,131.8383729301656,False
762,762,0,True,181.7627789776818,131.8383729301656,False
763,763,0,True,181.7627789776818,131.8383729301656,False
764,764,0,True,181.7627789776818,131.8383729301656,False
765,765,0,True,181.7627789776818,131.8383729301656,False
766,766,0,True,181.7627789776818,131.8383729301656,False
767,767,0,True,181.7627789776818,131.8383729301656,False
768,768,0,True,181.7627789776818,131.8383729301656,False
769,769,0,True,181.7627789776818,131.8383729301656,False
770,770,0,True,181.7627789776818,131.8383729301656,False
771,771,0,True,181.7627789776818,131.8383729301656,False
772,772,0,True,181.7627789776818,131.8383729301656,False
773,773,0,True,181.7627789776818,131.8383729301656,False
774,774,0,True,181.7627789776818,131.8383729301656,False
775,775,0,True,181.7627789776818,131.8383729301656,False
776,776,0,True,181.7627789776818,131.8383729301656,False
777,777,0,True,181.7627789776818,131.8383729301656,False
778,778,0,True,181.7627789776818,131.8383729301656,False
779,779,0,True,181.7627789776818,131.8383729301656,False
780,780,0,True,181.7627789776818,131.8383729301656,False
781,781,0,True,181.7627789776818,131.8383729301656,False
782,782,0,True,181.7627789776818,131.8383729301656,False
783,783,0,True,181.7627789776818,131.8383729301656,False
784,784,0,True,181.7627789776818,131.8383729301656,False
785,785,0,True,181.7627789776818,131.8383729301656,False
786,786,0,True,181.7627789776818,131.8383729301656,False
787,787,0,True,181.7627789776818,131.8383729301656,False
788,788,0,True,181.7627789776818,131.8383729301656,False
789,789,0,True,181.7627789776818,131.8383729301656,False
790,790,0,True,181.7627789776818,131.8383729301656,False
791,791,0,True,181.7627789776818,131.8383729301656,False
792,792,0,True,181.7627789776818,131.8383729301656,False
793,793,0,True,181.7627789776818,131.8383729301656,False
794,794,0,True,181.7627789776818,131.8383729301656,False
795,795,0,True,181.7627789776818,131.8383729301656,False
796,796,0,True,181.7627789776818,131.8383729301656,False
797,797,0,True,181.7627789776818,131.8383729301656,False
798,798,0,True,181.7627789776818,131.8383729301656,False
799,799,0,True,181.7627789776818,131.8383729301656,False
800,800,0,True,181.7627789776818,131.8383729301656,False
801,801,0,True,181.7627789776818,131.8383729301656,False
802,802,0,True,181.7627789776818,131.8383729301656,False
803,803,0,True,181.7627789776818,131.8383729301656,False
804,804,0,True,181.7627789776818,131.8383729301656,False
805,805,0,True,181.7627789776818,131.8383729301656,False
806,806,0,True,181.7627789776818,131.8383729301656,False
807,807,0,True,181.7627789776818,131.8383729301656,False
808,808,0,True,181.7627789776818,131.8383729301656,False
809,809,0,True,181.7627789776818,131.8383729301656,False
810,810,0,True,181.7627789776818,131.8383729301656,False
811,811,0,True,181.7627789776818,131.8383729301656,False
812,812,0,True,181.7627789776818,131.8383729301656,False
813,813,0,True,181.7627789776818,131.8383729301656,False
814,814,0,True,181.7627789776818,131.8383729301656,False
815,815,0,True,181.7627789776818,131.8383729301656,False
816,816,0,True,181.7627789776818,131.8383729301656,False
817,817,0,True,181.7627789776818,131.8383729301656,False
818,818,0,True,181.7627789776818,131.8383729301656,False
819,819,0,True,181.7627789776818,131.8383729301656,False
820,820,0,True,181.7627789776818,131.8383729301656,False
821,821,0,True,181.7627789776818,131.8383729301656,False
822,822,0,True,181.7627789776818,131.8383729301656,False
823,823,0,True,181.7627789776818,131.8383729301656,False
824,824,0,True,181.7627789776818,131.8383729301656,False
825,825,0,True,181.7627789776818,131.8383729301656,False
826,826,0,True,181.7627789776818,131.8383729301656,False
827,827,0,True,181.7627789776818,131.8383729301656,False
828,828,0,True,181.7627789776818,131.8383729301656,False
829,829,0,True,181.7627789776818,131.8383729301656,False
830,830,0,True,181.7627789776818,131.8383729301656,False
831,831,0,True,181.7627789776818,131.8383729301656,False
832,832,0,True,181.7627789776818,131.8383729301656,False
833,833,0,True,181.7627789776818,131.8383729301656,False
834,834,0,True,181.7627789776818,131.8383729301656,False
835,835,0,True,181.7627789776818,131.8383729301656,False
836,836,0,True,181.7627789776818,131.8383729301656,False
837,837,0,True,181.7627789776818,131.8383729301656,False
838,838,0,True,181.7627789776818,131.8383729301656,False
839,839,0,True,181.7627789776818,131.8383729301656,False
840,840,0,True,181.7627789776818,131.8383729301656,False
841,841,0,True,181.7627789776818,131.8383729301656,False
842,842,0,True,181.7627789776818,131.8383729301656,False
843,843,0,True,181.7627789776818,131.8383729301656,False
844,844,0,True,181.7627789776818,131.8383729301656,False
845,845,0,True,181.7627789776818,131.8383729301656,False
846,846,0,True,181.7627789776818,131.8383729301656,False
847,847,0,True,181.7627789776818,131.8383729301656,False
848,848,0,True,181.7627789776818,131.8383729301656,False
849,849,0,True,181.7627789776818,131.8383729301656,False
850,850,0,True,181.7627789776818,131.8383729301656,False
851,851,0,True,181.7627789776818,131.8383729301656,False
852,852,0,True,181.7627789776818,131.8383729301656,False
853,853,0,True,181.7627789776818,131.8383729301656,False
854,854,0,True,181.7627789776818,131.8383729301656,False
855,855,0,True,181.7627789776818,131.8383729301656,False
856,856,0,True,181.7627789776818,131.8383729301656,False
857,857,0,True,181.7627789776818,131.8383729301656,False
858,858,0,True,181.7627789776818,131.8383729301656,False
859,859,0,True,181.7627789776818,131.8383729301656,False
860,860,0,True,181.7627789776818,131.8383729301656,False
861,861,0,True,181.7627789776818,131.8383729301656,False
862,862,0,True,181.7627789776818,131.8383729301656,False
863,863,0,True,181.7627789776818,131.8383729301656,False
864,864,0,True,181.7627789776818,131.8383729301656,False
865,865,0,True,181.7627789776818,131.8383729301656,False
866,866,0,True,181.7627789776818,131.8383729301656,False
867,867,0,True,181.7627789776818,131.8383729301656,False
868,868,0,True,181.7627789776818,131.8383729301656,False
869,869,0,True,181.7627789776818,131.8383729301656,False
870,870,0,True,181.7627789776818,131.8383729301656,False
871,871,0,True,181.7627789776818,131.8383729301656,False
872,872,0,True,181.7627789776818,131.8383729301656,False
873,873,0,True,181.7627789776818,131.8383729301656,False
874,874,0,True,181.7627789776818,131.8383729301656,False
875,875,0,True,181.7627789776818,131.8383729301656,False
876,876,0,True,181.7627789776818,131.8383729301656,False
877,877,0,True,181.7627789776818,131.8383729301656,False
878,878,0,True,181.7627789776818,131.8383729301656,False
879,879,0,True,181.7627789776818,131.8383729301656,False
880,880,0,True,181.7627789776818,131.8383729301656,False
881,881,0,True,181.7627789776818,131.8383729301656,False
882,882,0,True,181.7627789776818,131.8383729301656,False
883,883,0,True,181.7627789776818,131.8383729301656,False
884,884,0,True,181.7627789776818,131.8383729301656,False
885,885,0,True,181.7627789776818,131.8383729301656,False
886,886,0,True,181.7627789776818,131.8383729301656,False
887,887,0,True,181.7627789776818,131.8383729301656,False
888,888,0,True,181.7627789776818,131.8383729301656,False
889,889,0,True,181.7627789776818,131.8383729301656,False
890,890,0,True,181.7627789776818,131.8383729301656,False
891,891,0,True,181.7627789776818,131.8383729301656,False
892,892,0,True,181.7627789776818,131.8383729301656,False
893,893,0,True,181.7627789776818,131.8383729301656,False
894,894,0,True,181.7627789776818,131.8383729301656,False
895,895,0,True,181.7627789776818,131.8383729301656,False
896,896,0,True,181.7627789776818,131.8383729301656,False
897,897,0,True,181.7627789776818,131.8383729301656,False
898,898,0,True,181.7627789776818,131.8383729301656,False
899,899,0,True,181.7627789776818,131.8383729301656,False
900,900,0,True,181.7627789776818,131.8383729301656,False
