site,scenario,seed,policy,regime,legal_n,both_modes,air_eta,ground_eta,air_advantage,best_margin,preemption,selected,completion_s,late
A,E1_H_C_high,20240601,B2,C: no timely candidate,2,True,212.823,228.617,15.793999999999983,-32.82300000000001,True,REASSIGN,212,True
A,E1_H_C_high,20240602,B2,C: no timely candidate,2,True,218.806,228.617,9.810999999999979,-38.80600000000001,True,REASSIGN,218,True
A,E1_H_C_high,20240603,B2,C: no timely candidate,2,True,214.725,228.617,13.891999999999996,-34.724999999999994,True,REASSIGN,214,True
A,E1_H_C_high,20240604,B2,C: no timely candidate,2,True,211.42,228.617,17.197000000000003,-31.419999999999987,True,REASSIGN,209,True
A,E1_H_C_high,20240605,B2,C: no timely candidate,2,True,206.903,228.617,21.714,-26.90299999999999,True,REASSIGN,206,True
A,E1_H_C_high,20240606,B2,C: no timely candidate,2,True,207.551,228.617,21.066000000000003,-27.550999999999988,True,REASSIGN,207,True
A,E1_H_C_high,20240607,B2,C: no timely candidate,2,True,200.593,228.617,28.024,-20.59299999999999,True,REASSIGN,200,True
A,E1_H_C_high,20240608,B2,C: no timely candidate,2,True,206.311,228.617,22.305999999999983,-26.311000000000007,True,REASSIGN,205,True
A,E1_H_C_high,20240609,B2,C: no timely candidate,2,True,224.773,228.617,3.843999999999994,-44.772999999999996,True,GROUND_FALLBACK,229,True
A,E1_H_C_high,20240610,B2,C: no timely candidate,2,True,223.498,228.617,5.119,-43.49799999999999,True,GROUND_FALLBACK,229,True
A,E1_H_C_high,20240611,B2,C: no timely candidate,2,True,204.708,228.617,23.908999999999992,-24.708,True,REASSIGN,204,True
A,E1_H_C_high,20240612,B2,C: no timely candidate,2,True,223.629,228.617,4.9879999999999995,-43.62899999999999,True,GROUND_FALLBACK,229,True
A,E1_H_C_high,20240613,B2,C: no timely candidate,2,True,207.259,228.617,21.358000000000004,-27.258999999999986,True,REASSIGN,206,True
A,E1_H_C_high,20240614,B2,C: no timely candidate,2,True,225.523,228.617,3.093999999999994,-45.522999999999996,True,GROUND_FALLBACK,229,True
A,E1_H_C_high,20240615,B2,C: no timely candidate,2,True,225.524,228.617,3.0929999999999893,-45.524,True,GROUND_FALLBACK,229,True
A,E1_H_C_high,20240616,B2,C: no timely candidate,2,True,220.232,228.617,8.384999999999991,-40.232,True,REASSIGN,210,True
A,E1_H_C_high,20240617,B2,C: no timely candidate,2,True,223.025,228.617,5.5919999999999845,-43.025000000000006,True,GROUND_FALLBACK,229,True
A,E1_H_C_high,20240618,B2,C: no timely candidate,2,True,213.528,228.617,15.088999999999999,-33.52799999999999,True,REASSIGN,213,True
A,E1_H_C_high,20240619,B2,C: no timely candidate,2,True,211.72,228.617,16.89699999999999,-31.72,True,REASSIGN,211,True
A,E1_H_C_high,20240620,B2,C: no timely candidate,2,True,200.008,228.617,28.60899999999998,-20.00800000000001,True,REASSIGN,199,True
A,E1_H_C_low,20240601,B2,A: no timely-ground preemption conflict,3,True,114.55,228.617,114.067,65.45,False,DISPATCH,110,False
A,E1_H_C_low,20240602,B2,A: no timely-ground preemption conflict,3,True,114.55,228.617,114.067,65.45,False,DISPATCH,110,False
A,E1_H_C_low,20240603,B2,A: no timely-ground preemption conflict,3,True,114.55,228.617,114.067,65.45,False,DISPATCH,110,False
A,E1_H_C_low,20240604,B2,A: no timely-ground preemption conflict,3,True,114.55,228.617,114.067,65.45,False,DISPATCH,110,False
A,E1_H_C_low,20240605,B2,A: no timely-ground preemption conflict,3,True,114.55,228.617,114.067,65.45,False,DISPATCH,110,False
A,E1_H_C_low,20240606,B2,A: no timely-ground preemption conflict,3,True,114.55,228.617,114.067,65.45,False,DISPATCH,110,False
A,E1_H_C_low,20240607,B2,A: no timely-ground preemption conflict,3,True,114.55,228.617,114.067,65.45,False,DISPATCH,110,False
A,E1_H_C_low,20240608,B2,A: no timely-ground preemption conflict,3,True,114.55,228.617,114.067,65.45,False,DISPATCH,110,False
A,E1_H_C_low,20240609,B2,A: no timely-ground preemption conflict,3,True,114.55,228.617,114.067,65.45,False,DISPATCH,110,False
A,E1_H_C_low,20240610,B2,A: no timely-ground preemption conflict,3,True,114.55,228.617,114.067,65.45,False,DISPATCH,110,False
A,E1_H_C_low,20240611,B2,A: no timely-ground preemption conflict,3,True,114.55,228.617,114.067,65.45,False,DISPATCH,110,False
A,E1_H_C_low,20240612,B2,A: no timely-ground preemption conflict,3,True,114.55,228.617,114.067,65.45,False,DISPATCH,110,False
A,E1_H_C_low,20240613,B2,A: no timely-ground preemption conflict,3,True,114.55,228.617,114.067,65.45,False,DISPATCH,110,False
A,E1_H_C_low,20240614,B2,A: no timely-ground preemption conflict,3,True,114.55,228.617,114.067,65.45,False,DISPATCH,110,False
A,E1_H_C_low,20240615,B2,A: no timely-ground preemption conflict,3,True,114.55,228.617,114.067,65.45,False,DISPATCH,110,False
A,E1_H_C_low,20240616,B2,A: no timely-ground preemption conflict,3,True,114.55,228.617,114.067,65.45,False,DISPATCH,110,False
A,E1_H_C_low,20240617,B2,A: no timely-ground preemption conflict,3,True,114.55,228.617,114.067,65.45,False,DISPATCH,110,False
A,E1_H_C_low,20240618,B2,A: no timely-ground preemption conflict,3,True,114.55,228.617,114.067,65.45,False,DISPATCH,110,False
A,E1_H_C_low,20240619,B2,A: no timely-ground preemption conflict,3,True,114.55,228.617,114.067,65.45,False,DISPATCH,110,False
A,E1_H_C_low,20240620,B2,A: no timely-ground preemption conflict,3,True,114.55,228.617,114.067,65.45,False,DISPATCH,110,False
A,E1_H_H_high,20240601,B2,B: speed/service conflict,2,True,212.823,228.617,15.793999999999983,87.17699999999999,True,GROUND_FALLBACK,229,False
A,E1_H_H_high,20240602,B2,B: speed/service conflict,2,True,218.806,228.617,9.810999999999979,81.19399999999999,True,GROUND_FALLBACK,229,False
A,E1_H_H_high,20240603,B2,B: speed/service conflict,2,True,214.725,228.617,13.891999999999996,85.275,True,GROUND_FALLBACK,229,False
A,E1_H_H_high,20240604,B2,B: speed/service conflict,2,True,211.42,228.617,17.197000000000003,88.58000000000001,True,GROUND_FALLBACK,229,False
A,E1_H_H_high,20240605,B2,B: speed/service conflict,2,True,206.903,228.617,21.714,93.09700000000001,True,GROUND_FALLBACK,229,False
A,E1_H_H_high,20240606,B2,B: speed/service conflict,2,True,207.551,228.617,21.066000000000003,92.44900000000001,True,GROUND_FALLBACK,229,False
A,E1_H_H_high,20240607,B2,B: speed/service conflict,2,True,200.593,228.617,28.024,99.40700000000001,True,GROUND_FALLBACK,229,False
A,E1_H_H_high,20240608,B2,B: speed/service conflict,2,True,206.311,228.617,22.305999999999983,93.689,True,GROUND_FALLBACK,229,False
A,E1_H_H_high,20240609,B2,B: speed/service conflict,2,True,224.773,228.617,3.843999999999994,75.227,True,GROUND_FALLBACK,229,False
A,E1_H_H_high,20240610,B2,B: speed/service conflict,2,True,223.498,228.617,5.119,76.50200000000001,True,GROUND_FALLBACK,229,False
A,E1_H_H_high,20240611,B2,B: speed/service conflict,2,True,204.708,228.617,23.908999999999992,95.292,True,GROUND_FALLBACK,229,False
A,E1_H_H_high,20240612,B2,B: speed/service conflict,2,True,223.629,228.617,4.9879999999999995,76.37100000000001,True,GROUND_FALLBACK,229,False
A,E1_H_H_high,20240613,B2,B: speed/service conflict,2,True,207.259,228.617,21.358000000000004,92.74100000000001,True,GROUND_FALLBACK,229,False
A,E1_H_H_high,20240614,B2,B: speed/service conflict,2,True,225.523,228.617,3.093999999999994,74.477,True,GROUND_FALLBACK,229,False
A,E1_H_H_high,20240615,B2,B: speed/service conflict,2,True,225.524,228.617,3.0929999999999893,74.476,True,GROUND_FALLBACK,229,False
A,E1_H_H_high,20240616,B2,B: speed/service conflict,2,True,220.232,228.617,8.384999999999991,79.768,True,GROUND_FALLBACK,229,False
A,E1_H_H_high,20240617,B2,B: speed/service conflict,2,True,223.025,228.617,5.5919999999999845,76.975,True,GROUND_FALLBACK,229,False
A,E1_H_H_high,20240618,B2,B: speed/service conflict,2,True,213.528,228.617,15.088999999999999,86.47200000000001,True,GROUND_FALLBACK,229,False
A,E1_H_H_high,20240619,B2,B: speed/service conflict,2,True,211.72,228.617,16.89699999999999,88.28,True,GROUND_FALLBACK,229,False
A,E1_H_H_high,20240620,B2,B: speed/service conflict,2,True,200.008,228.617,28.60899999999998,99.99199999999999,True,GROUND_FALLBACK,229,False
A,E1_H_H_low,20240601,B2,A: no timely-ground preemption conflict,3,True,114.55,228.617,114.067,185.45,False,DISPATCH,110,False
A,E1_H_H_low,20240602,B2,A: no timely-ground preemption conflict,3,True,114.55,228.617,114.067,185.45,False,DISPATCH,110,False
A,E1_H_H_low,20240603,B2,A: no timely-ground preemption conflict,3,True,114.55,228.617,114.067,185.45,False,DISPATCH,110,False
A,E1_H_H_low,20240604,B2,A: no timely-ground preemption conflict,3,True,114.55,228.617,114.067,185.45,False,DISPATCH,110,False
A,E1_H_H_low,20240605,B2,A: no timely-ground preemption conflict,3,True,114.55,228.617,114.067,185.45,False,DISPATCH,110,False
A,E1_H_H_low,20240606,B2,A: no timely-ground preemption conflict,3,True,114.55,228.617,114.067,185.45,False,DISPATCH,110,False
A,E1_H_H_low,20240607,B2,A: no timely-ground preemption conflict,3,True,114.55,228.617,114.067,185.45,False,DISPATCH,110,False
A,E1_H_H_low,20240608,B2,A: no timely-ground preemption conflict,3,True,114.55,228.617,114.067,185.45,False,DISPATCH,110,False
A,E1_H_H_low,20240609,B2,A: no timely-ground preemption conflict,3,True,114.55,228.617,114.067,185.45,False,DISPATCH,110,False
A,E1_H_H_low,20240610,B2,A: no timely-ground preemption conflict,3,True,114.55,228.617,114.067,185.45,False,DISPATCH,110,False
A,E1_H_H_low,20240611,B2,A: no timely-ground preemption conflict,3,True,114.55,228.617,114.067,185.45,False,DISPATCH,110,False
A,E1_H_H_low,20240612,B2,A: no timely-ground preemption conflict,3,True,114.55,228.617,114.067,185.45,False,DISPATCH,110,False
A,E1_H_H_low,20240613,B2,A: no timely-ground preemption conflict,3,True,114.55,228.617,114.067,185.45,False,DISPATCH,110,False
A,E1_H_H_low,20240614,B2,A: no timely-ground preemption conflict,3,True,114.55,228.617,114.067,185.45,False,DISPATCH,110,False
A,E1_H_H_low,20240615,B2,A: no timely-ground preemption conflict,3,True,114.55,228.617,114.067,185.45,False,DISPATCH,110,False
A,E1_H_H_low,20240616,B2,A: no timely-ground preemption conflict,3,True,114.55,228.617,114.067,185.45,False,DISPATCH,110,False
A,E1_H_H_low,20240617,B2,A: no timely-ground preemption conflict,3,True,114.55,228.617,114.067,185.45,False,DISPATCH,110,False
A,E1_H_H_low,20240618,B2,A: no timely-ground preemption conflict,3,True,114.55,228.617,114.067,185.45,False,DISPATCH,110,False
A,E1_H_H_low,20240619,B2,A: no timely-ground preemption conflict,3,True,114.55,228.617,114.067,185.45,False,DISPATCH,110,False
A,E1_H_H_low,20240620,B2,A: no timely-ground preemption conflict,3,True,114.55,228.617,114.067,185.45,False,DISPATCH,110,False
A,E1_L_C_high,20240601,B2,A: no timely-ground preemption conflict,2,True,212.823,152.177,-60.646000000000015,27.823000000000008,True,GROUND_FALLBACK,152,False
A,E1_L_C_high,20240602,B2,A: no timely-ground preemption conflict,2,True,218.806,152.177,-66.62900000000002,27.823000000000008,True,GROUND_FALLBACK,152,False
A,E1_L_C_high,20240603,B2,A: no timely-ground preemption conflict,2,True,214.725,152.177,-62.548,27.823000000000008,True,GROUND_FALLBACK,152,False
A,E1_L_C_high,20240604,B2,A: no timely-ground preemption conflict,2,True,211.42,152.177,-59.242999999999995,27.823000000000008,True,GROUND_FALLBACK,152,False
A,E1_L_C_high,20240605,B2,A: no timely-ground preemption conflict,2,True,206.903,152.177,-54.726,27.823000000000008,True,GROUND_FALLBACK,152,False
A,E1_L_C_high,20240606,B2,A: no timely-ground preemption conflict,2,True,207.551,152.177,-55.373999999999995,27.823000000000008,True,GROUND_FALLBACK,152,False
A,E1_L_C_high,20240607,B2,A: no timely-ground preemption conflict,2,True,200.593,152.177,-48.416,27.823000000000008,True,GROUND_FALLBACK,152,False
A,E1_L_C_high,20240608,B2,A: no timely-ground preemption conflict,2,True,206.311,152.177,-54.134000000000015,27.823000000000008,True,GROUND_FALLBACK,152,False
A,E1_L_C_high,20240609,B2,A: no timely-ground preemption conflict,2,True,224.773,152.177,-72.596,27.823000000000008,True,GROUND_FALLBACK,152,False
A,E1_L_C_high,20240610,B2,A: no timely-ground preemption conflict,2,True,223.498,152.177,-71.321,27.823000000000008,True,GROUND_FALLBACK,152,False
A,E1_L_C_high,20240611,B2,A: no timely-ground preemption conflict,2,True,204.708,152.177,-52.531000000000006,27.823000000000008,True,GROUND_FALLBACK,152,False
A,E1_L_C_high,20240612,B2,A: no timely-ground preemption conflict,2,True,223.629,152.177,-71.452,27.823000000000008,True,GROUND_FALLBACK,152,False
A,E1_L_C_high,20240613,B2,A: no timely-ground preemption conflict,2,True,207.259,152.177,-55.081999999999994,27.823000000000008,True,GROUND_FALLBACK,152,False
A,E1_L_C_high,20240614,B2,A: no timely-ground preemption conflict,2,True,225.523,152.177,-73.346,27.823000000000008,True,GROUND_FALLBACK,152,False
A,E1_L_C_high,20240615,B2,A: no timely-ground preemption conflict,2,True,225.524,152.177,-73.34700000000001,27.823000000000008,True,GROUND_FALLBACK,152,False
A,E1_L_C_high,20240616,B2,A: no timely-ground preemption conflict,2,True,220.232,152.177,-68.055,27.823000000000008,True,GROUND_FALLBACK,152,False
A,E1_L_C_high,20240617,B2,A: no timely-ground preemption conflict,2,True,223.025,152.177,-70.84800000000001,27.823000000000008,True,GROUND_FALLBACK,152,False
A,E1_L_C_high,20240618,B2,A: no timely-ground preemption conflict,2,True,213.528,152.177,-61.351,27.823000000000008,True,GROUND_FALLBACK,152,False
A,E1_L_C_high,20240619,B2,A: no timely-ground preemption conflict,2,True,211.72,152.177,-59.543000000000006,27.823000000000008,True,GROUND_FALLBACK,152,False
A,E1_L_C_high,20240620,B2,A: no timely-ground preemption conflict,2,True,200.008,152.177,-47.83100000000002,27.823000000000008,True,GROUND_FALLBACK,152,False
A,E1_L_C_low,20240601,B2,A: no timely-ground preemption conflict,3,True,114.55,152.177,37.626999999999995,65.45,False,DISPATCH,110,False
A,E1_L_C_low,20240602,B2,A: no timely-ground preemption conflict,3,True,114.55,152.177,37.626999999999995,65.45,False,DISPATCH,110,False
A,E1_L_C_low,20240603,B2,A: no timely-ground preemption conflict,3,True,114.55,152.177,37.626999999999995,65.45,False,DISPATCH,110,False
A,E1_L_C_low,20240604,B2,A: no timely-ground preemption conflict,3,True,114.55,152.177,37.626999999999995,65.45,False,DISPATCH,110,False
A,E1_L_C_low,20240605,B2,A: no timely-ground preemption conflict,3,True,114.55,152.177,37.626999999999995,65.45,False,DISPATCH,110,False
A,E1_L_C_low,20240606,B2,A: no timely-ground preemption conflict,3,True,114.55,152.177,37.626999999999995,65.45,False,DISPATCH,110,False
A,E1_L_C_low,20240607,B2,A: no timely-ground preemption conflict,3,True,114.55,152.177,37.626999999999995,65.45,False,DISPATCH,110,False
A,E1_L_C_low,20240608,B2,A: no timely-ground preemption conflict,3,True,114.55,152.177,37.626999999999995,65.45,False,DISPATCH,110,False
A,E1_L_C_low,20240609,B2,A: no timely-ground preemption conflict,3,True,114.55,152.177,37.626999999999995,65.45,False,DISPATCH,110,False
A,E1_L_C_low,20240610,B2,A: no timely-ground preemption conflict,3,True,114.55,152.177,37.626999999999995,65.45,False,DISPATCH,110,False
A,E1_L_C_low,20240611,B2,A: no timely-ground preemption conflict,3,True,114.55,152.177,37.626999999999995,65.45,False,DISPATCH,110,False
A,E1_L_C_low,20240612,B2,A: no timely-ground preemption conflict,3,True,114.55,152.177,37.626999999999995,65.45,False,DISPATCH,110,False
A,E1_L_C_low,20240613,B2,A: no timely-ground preemption conflict,3,True,114.55,152.177,37.626999999999995,65.45,False,DISPATCH,110,False
A,E1_L_C_low,20240614,B2,A: no timely-ground preemption conflict,3,True,114.55,152.177,37.626999999999995,65.45,False,DISPATCH,110,False
A,E1_L_C_low,20240615,B2,A: no timely-ground preemption conflict,3,True,114.55,152.177,37.626999999999995,65.45,False,DISPATCH,110,False
A,E1_L_C_low,20240616,B2,A: no timely-ground preemption conflict,3,True,114.55,152.177,37.626999999999995,65.45,False,DISPATCH,110,False
A,E1_L_C_low,20240617,B2,A: no timely-ground preemption conflict,3,True,114.55,152.177,37.626999999999995,65.45,False,DISPATCH,110,False
A,E1_L_C_low,20240618,B2,A: no timely-ground preemption conflict,3,True,114.55,152.177,37.626999999999995,65.45,False,DISPATCH,110,False
A,E1_L_C_low,20240619,B2,A: no timely-ground preemption conflict,3,True,114.55,152.177,37.626999999999995,65.45,False,DISPATCH,110,False
A,E1_L_C_low,20240620,B2,A: no timely-ground preemption conflict,3,True,114.55,152.177,37.626999999999995,65.45,False,DISPATCH,110,False
A,E1_L_H_high,20240601,B2,A: no timely-ground preemption conflict,2,True,212.823,152.177,-60.646000000000015,147.823,True,GROUND_FALLBACK,152,False
A,E1_L_H_high,20240602,B2,A: no timely-ground preemption conflict,2,True,218.806,152.177,-66.62900000000002,147.823,True,GROUND_FALLBACK,152,False
A,E1_L_H_high,20240603,B2,A: no timely-ground preemption conflict,2,True,214.725,152.177,-62.548,147.823,True,GROUND_FALLBACK,152,False
A,E1_L_H_high,20240604,B2,A: no timely-ground preemption conflict,2,True,211.42,152.177,-59.242999999999995,147.823,True,GROUND_FALLBACK,152,False
A,E1_L_H_high,20240605,B2,A: no timely-ground preemption conflict,2,True,206.903,152.177,-54.726,147.823,True,GROUND_FALLBACK,152,False
A,E1_L_H_high,20240606,B2,A: no timely-ground preemption conflict,2,True,207.551,152.177,-55.373999999999995,147.823,True,GROUND_FALLBACK,152,False
A,E1_L_H_high,20240607,B2,A: no timely-ground preemption conflict,2,True,200.593,152.177,-48.416,147.823,True,GROUND_FALLBACK,152,False
A,E1_L_H_high,20240608,B2,A: no timely-ground preemption conflict,2,True,206.311,152.177,-54.134000000000015,147.823,True,GROUND_FALLBACK,152,False
A,E1_L_H_high,20240609,B2,A: no timely-ground preemption conflict,2,True,224.773,152.177,-72.596,147.823,True,GROUND_FALLBACK,152,False
A,E1_L_H_high,20240610,B2,A: no timely-ground preemption conflict,2,True,223.498,152.177,-71.321,147.823,True,GROUND_FALLBACK,152,False
A,E1_L_H_high,20240611,B2,A: no timely-ground preemption conflict,2,True,204.708,152.177,-52.531000000000006,147.823,True,GROUND_FALLBACK,152,False
A,E1_L_H_high,20240612,B2,A: no timely-ground preemption conflict,2,True,223.629,152.177,-71.452,147.823,True,GROUND_FALLBACK,152,False
A,E1_L_H_high,20240613,B2,A: no timely-ground preemption conflict,2,True,207.259,152.177,-55.081999999999994,147.823,True,GROUND_FALLBACK,152,False
A,E1_L_H_high,20240614,B2,A: no timely-ground preemption conflict,2,True,225.523,152.177,-73.346,147.823,True,GROUND_FALLBACK,152,False
A,E1_L_H_high,20240615,B2,A: no timely-ground preemption conflict,2,True,225.524,152.177,-73.34700000000001,147.823,True,GROUND_FALLBACK,152,False
A,E1_L_H_high,20240616,B2,A: no timely-ground preemption conflict,2,True,220.232,152.177,-68.055,147.823,True,GROUND_FALLBACK,152,False
A,E1_L_H_high,20240617,B2,A: no timely-ground preemption conflict,2,True,223.025,152.177,-70.84800000000001,147.823,True,GROUND_FALLBACK,152,False
A,E1_L_H_high,20240618,B2,A: no timely-ground preemption conflict,2,True,213.528,152.177,-61.351,147.823,True,GROUND_FALLBACK,152,False
A,E1_L_H_high,20240619,B2,A: no timely-ground preemption conflict,2,True,211.72,152.177,-59.543000000000006,147.823,True,GROUND_FALLBACK,152,False
A,E1_L_H_high,20240620,B2,A: no timely-ground preemption conflict,2,True,200.008,152.177,-47.83100000000002,147.823,True,GROUND_FALLBACK,152,False
A,E1_L_H_low,20240601,B2,A: no timely-ground preemption conflict,3,True,114.55,152.177,37.626999999999995,185.45,False,DISPATCH,110,False
A,E1_L_H_low,20240602,B2,A: no timely-ground preemption conflict,3,True,114.55,152.177,37.626999999999995,185.45,False,DISPATCH,110,False
A,E1_L_H_low,20240603,B2,A: no timely-ground preemption conflict,3,True,114.55,152.177,37.626999999999995,185.45,False,DISPATCH,110,False
A,E1_L_H_low,20240604,B2,A: no timely-ground preemption conflict,3,True,114.55,152.177,37.626999999999995,185.45,False,DISPATCH,110,False
A,E1_L_H_low,20240605,B2,A: no timely-ground preemption conflict,3,True,114.55,152.177,37.626999999999995,185.45,False,DISPATCH,110,False
A,E1_L_H_low,20240606,B2,A: no timely-ground preemption conflict,3,True,114.55,152.177,37.626999999999995,185.45,False,DISPATCH,110,False
A,E1_L_H_low,20240607,B2,A: no timely-ground preemption conflict,3,True,114.55,152.177,37.626999999999995,185.45,False,DISPATCH,110,False
A,E1_L_H_low,20240608,B2,A: no timely-ground preemption conflict,3,True,114.55,152.177,37.626999999999995,185.45,False,DISPATCH,110,False
A,E1_L_H_low,20240609,B2,A: no timely-ground preemption conflict,3,True,114.55,152.177,37.626999999999995,185.45,False,DISPATCH,110,False
A,E1_L_H_low,20240610,B2,A: no timely-ground preemption conflict,3,True,114.55,152.177,37.626999999999995,185.45,False,DISPATCH,110,False
A,E1_L_H_low,20240611,B2,A: no timely-ground preemption conflict,3,True,114.55,152.177,37.626999999999995,185.45,False,DISPATCH,110,False
A,E1_L_H_low,20240612,B2,A: no timely-ground preemption conflict,3,True,114.55,152.177,37.626999999999995,185.45,False,DISPATCH,110,False
A,E1_L_H_low,20240613,B2,A: no timely-ground preemption conflict,3,True,114.55,152.177,37.626999999999995,185.45,False,DISPATCH,110,False
A,E1_L_H_low,20240614,B2,A: no timely-ground preemption conflict,3,True,114.55,152.177,37.626999999999995,185.45,False,DISPATCH,110,False
A,E1_L_H_low,20240615,B2,A: no timely-ground preemption conflict,3,True,114.55,152.177,37.626999999999995,185.45,False,DISPATCH,110,False
A,E1_L_H_low,20240616,B2,A: no timely-ground preemption conflict,3,True,114.55,152.177,37.626999999999995,185.45,False,DISPATCH,110,False
A,E1_L_H_low,20240617,B2,A: no timely-ground preemption conflict,3,True,114.55,152.177,37.626999999999995,185.45,False,DISPATCH,110,False
A,E1_L_H_low,20240618,B2,A: no timely-ground preemption conflict,3,True,114.55,152.177,37.626999999999995,185.45,False,DISPATCH,110,False
A,E1_L_H_low,20240619,B2,A: no timely-ground preemption conflict,3,True,114.55,152.177,37.626999999999995,185.45,False,DISPATCH,110,False
A,E1_L_H_low,20240620,B2,A: no timely-ground preemption conflict,3,True,114.55,152.177,37.626999999999995,185.45,False,DISPATCH,110,False
A,E1_M_C_high,20240601,B2,C: no timely candidate,2,True,212.823,181.763,-31.060000000000002,-1.7630000000000052,True,GROUND_FALLBACK,182,True
A,E1_M_C_high,20240602,B2,C: no timely candidate,2,True,218.806,181.763,-37.043000000000006,-1.7630000000000052,True,GROUND_FALLBACK,182,True
A,E1_M_C_high,20240603,B2,C: no timely candidate,2,True,214.725,181.763,-32.96199999999999,-1.7630000000000052,True,GROUND_FALLBACK,182,True
A,E1_M_C_high,20240604,B2,C: no timely candidate,2,True,211.42,181.763,-29.656999999999982,-1.7630000000000052,True,GROUND_FALLBACK,182,True
A,E1_M_C_high,20240605,B2,C: no timely candidate,2,True,206.903,181.763,-25.139999999999986,-1.7630000000000052,True,GROUND_FALLBACK,182,True
A,E1_M_C_high,20240606,B2,C: no timely candidate,2,True,207.551,181.763,-25.787999999999982,-1.7630000000000052,True,GROUND_FALLBACK,182,True
A,E1_M_C_high,20240607,B2,C: no timely candidate,2,True,200.593,181.763,-18.829999999999984,-1.7630000000000052,True,GROUND_FALLBACK,182,True
A,E1_M_C_high,20240608,B2,C: no timely candidate,2,True,206.311,181.763,-24.548000000000002,-1.7630000000000052,True,GROUND_FALLBACK,182,True
A,E1_M_C_high,20240609,B2,C: no timely candidate,2,True,224.773,181.763,-43.00999999999999,-1.7630000000000052,True,GROUND_FALLBACK,182,True
A,E1_M_C_high,20240610,B2,C: no timely candidate,2,True,223.498,181.763,-41.734999999999985,-1.7630000000000052,True,GROUND_FALLBACK,182,True
A,E1_M_C_high,20240611,B2,C: no timely candidate,2,True,204.708,181.763,-22.944999999999993,-1.7630000000000052,True,GROUND_FALLBACK,182,True
A,E1_M_C_high,20240612,B2,C: no timely candidate,2,True,223.629,181.763,-41.865999999999985,-1.7630000000000052,True,GROUND_FALLBACK,182,True
A,E1_M_C_high,20240613,B2,C: no timely candidate,2,True,207.259,181.763,-25.49599999999998,-1.7630000000000052,True,GROUND_FALLBACK,182,True
A,E1_M_C_high,20240614,B2,C: no timely candidate,2,True,225.523,181.763,-43.75999999999999,-1.7630000000000052,True,GROUND_FALLBACK,182,True
A,E1_M_C_high,20240615,B2,C: no timely candidate,2,True,225.524,181.763,-43.760999999999996,-1.7630000000000052,True,GROUND_FALLBACK,182,True
A,E1_M_C_high,20240616,B2,C: no timely candidate,2,True,220.232,181.763,-38.468999999999994,-1.7630000000000052,True,GROUND_FALLBACK,182,True
A,E1_M_C_high,20240617,B2,C: no timely candidate,2,True,223.025,181.763,-41.262,-1.7630000000000052,True,GROUND_FALLBACK,182,True
A,E1_M_C_high,20240618,B2,C: no timely candidate,2,True,213.528,181.763,-31.764999999999986,-1.7630000000000052,True,GROUND_FALLBACK,182,True
A,E1_M_C_high,20240619,B2,C: no timely candidate,2,True,211.72,181.763,-29.956999999999994,-1.7630000000000052,True,GROUND_FALLBACK,182,True
A,E1_M_C_high,20240620,B2,C: no timely candidate,2,True,200.008,181.763,-18.245000000000005,-1.7630000000000052,True,GROUND_FALLBACK,182,True
A,E1_M_C_low,20240601,B2,A: no timely-ground preemption conflict,3,True,114.55,181.763,67.21300000000001,65.45,False,DISPATCH,110,False
A,E1_M_C_low,20240602,B2,A: no timely-ground preemption conflict,3,True,114.55,181.763,67.21300000000001,65.45,False,DISPATCH,110,False
A,E1_M_C_low,20240603,B2,A: no timely-ground preemption conflict,3,True,114.55,181.763,67.21300000000001,65.45,False,DISPATCH,110,False
A,E1_M_C_low,20240604,B2,A: no timely-ground preemption conflict,3,True,114.55,181.763,67.21300000000001,65.45,False,DISPATCH,110,False
A,E1_M_C_low,20240605,B2,A: no timely-ground preemption conflict,3,True,114.55,181.763,67.21300000000001,65.45,False,DISPATCH,110,False
A,E1_M_C_low,20240606,B2,A: no timely-ground preemption conflict,3,True,114.55,181.763,67.21300000000001,65.45,False,DISPATCH,110,False
A,E1_M_C_low,20240607,B2,A: no timely-ground preemption conflict,3,True,114.55,181.763,67.21300000000001,65.45,False,DISPATCH,110,False
A,E1_M_C_low,20240608,B2,A: no timely-ground preemption conflict,3,True,114.55,181.763,67.21300000000001,65.45,False,DISPATCH,110,False
A,E1_M_C_low,20240609,B2,A: no timely-ground preemption conflict,3,True,114.55,181.763,67.21300000000001,65.45,False,DISPATCH,110,False
A,E1_M_C_low,20240610,B2,A: no timely-ground preemption conflict,3,True,114.55,181.763,67.21300000000001,65.45,False,DISPATCH,110,False
A,E1_M_C_low,20240611,B2,A: no timely-ground preemption conflict,3,True,114.55,181.763,67.21300000000001,65.45,False,DISPATCH,110,False
A,E1_M_C_low,20240612,B2,A: no timely-ground preemption conflict,3,True,114.55,181.763,67.21300000000001,65.45,False,DISPATCH,110,False
A,E1_M_C_low,20240613,B2,A: no timely-ground preemption conflict,3,True,114.55,181.763,67.21300000000001,65.45,False,DISPATCH,110,False
A,E1_M_C_low,20240614,B2,A: no timely-ground preemption conflict,3,True,114.55,181.763,67.21300000000001,65.45,False,DISPATCH,110,False
A,E1_M_C_low,20240615,B2,A: no timely-ground preemption conflict,3,True,114.55,181.763,67.21300000000001,65.45,False,DISPATCH,110,False
A,E1_M_C_low,20240616,B2,A: no timely-ground preemption conflict,3,True,114.55,181.763,67.21300000000001,65.45,False,DISPATCH,110,False
A,E1_M_C_low,20240617,B2,A: no timely-ground preemption conflict,3,True,114.55,181.763,67.21300000000001,65.45,False,DISPATCH,110,False
A,E1_M_C_low,20240618,B2,A: no timely-ground preemption conflict,3,True,114.55,181.763,67.21300000000001,65.45,False,DISPATCH,110,False
A,E1_M_C_low,20240619,B2,A: no timely-ground preemption conflict,3,True,114.55,181.763,67.21300000000001,65.45,False,DISPATCH,110,False
A,E1_M_C_low,20240620,B2,A: no timely-ground preemption conflict,3,True,114.55,181.763,67.21300000000001,65.45,False,DISPATCH,110,False
A,E1_M_H_high,20240601,B2,A: no timely-ground preemption conflict,2,True,212.823,181.763,-31.060000000000002,118.237,True,GROUND_FALLBACK,182,False
A,E1_M_H_high,20240602,B2,A: no timely-ground preemption conflict,2,True,218.806,181.763,-37.043000000000006,118.237,True,GROUND_FALLBACK,182,False
A,E1_M_H_high,20240603,B2,A: no timely-ground preemption conflict,2,True,214.725,181.763,-32.96199999999999,118.237,True,GROUND_FALLBACK,182,False
A,E1_M_H_high,20240604,B2,A: no timely-ground preemption conflict,2,True,211.42,181.763,-29.656999999999982,118.237,True,GROUND_FALLBACK,182,False
A,E1_M_H_high,20240605,B2,A: no timely-ground preemption conflict,2,True,206.903,181.763,-25.139999999999986,118.237,True,GROUND_FALLBACK,182,False
A,E1_M_H_high,20240606,B2,A: no timely-ground preemption conflict,2,True,207.551,181.763,-25.787999999999982,118.237,True,GROUND_FALLBACK,182,False
A,E1_M_H_high,20240607,B2,A: no timely-ground preemption conflict,2,True,200.593,181.763,-18.829999999999984,118.237,True,GROUND_FALLBACK,182,False
A,E1_M_H_high,20240608,B2,A: no timely-ground preemption conflict,2,True,206.311,181.763,-24.548000000000002,118.237,True,GROUND_FALLBACK,182,False
A,E1_M_H_high,20240609,B2,A: no timely-ground preemption conflict,2,True,224.773,181.763,-43.00999999999999,118.237,True,GROUND_FALLBACK,182,False
A,E1_M_H_high,20240610,B2,A: no timely-ground preemption conflict,2,True,223.498,181.763,-41.734999999999985,118.237,True,GROUND_FALLBACK,182,False
A,E1_M_H_high,20240611,B2,A: no timely-ground preemption conflict,2,True,204.708,181.763,-22.944999999999993,118.237,True,GROUND_FALLBACK,182,False
A,E1_M_H_high,20240612,B2,A: no timely-ground preemption conflict,2,True,223.629,181.763,-41.865999999999985,118.237,True,GROUND_FALLBACK,182,False
A,E1_M_H_high,20240613,B2,A: no timely-ground preemption conflict,2,True,207.259,181.763,-25.49599999999998,118.237,True,GROUND_FALLBACK,182,False
A,E1_M_H_high,20240614,B2,A: no timely-ground preemption conflict,2,True,225.523,181.763,-43.75999999999999,118.237,True,GROUND_FALLBACK,182,False
A,E1_M_H_high,20240615,B2,A: no timely-ground preemption conflict,2,True,225.524,181.763,-43.760999999999996,118.237,True,GROUND_FALLBACK,182,False
A,E1_M_H_high,20240616,B2,A: no timely-ground preemption conflict,2,True,220.232,181.763,-38.468999999999994,118.237,True,GROUND_FALLBACK,182,False
A,E1_M_H_high,20240617,B2,A: no timely-ground preemption conflict,2,True,223.025,181.763,-41.262,118.237,True,GROUND_FALLBACK,182,False
A,E1_M_H_high,20240618,B2,A: no timely-ground preemption conflict,2,True,213.528,181.763,-31.764999999999986,118.237,True,GROUND_FALLBACK,182,False
A,E1_M_H_high,20240619,B2,A: no timely-ground preemption conflict,2,True,211.72,181.763,-29.956999999999994,118.237,True,GROUND_FALLBACK,182,False
A,E1_M_H_high,20240620,B2,A: no timely-ground preemption conflict,2,True,200.008,181.763,-18.245000000000005,118.237,True,GROUND_FALLBACK,182,False
A,E1_M_H_low,20240601,B2,A: no timely-ground preemption conflict,3,True,114.55,181.763,67.21300000000001,185.45,False,DISPATCH,110,False
A,E1_M_H_low,20240602,B2,A: no timely-ground preemption conflict,3,True,114.55,181.763,67.21300000000001,185.45,False,DISPATCH,110,False
A,E1_M_H_low,20240603,B2,A: no timely-ground preemption conflict,3,True,114.55,181.763,67.21300000000001,185.45,False,DISPATCH,110,False
A,E1_M_H_low,20240604,B2,A: no timely-ground preemption conflict,3,True,114.55,181.763,67.21300000000001,185.45,False,DISPATCH,110,False
A,E1_M_H_low,20240605,B2,A: no timely-ground preemption conflict,3,True,114.55,181.763,67.21300000000001,185.45,False,DISPATCH,110,False
A,E1_M_H_low,20240606,B2,A: no timely-ground preemption conflict,3,True,114.55,181.763,67.21300000000001,185.45,False,DISPATCH,110,False
A,E1_M_H_low,20240607,B2,A: no timely-ground preemption conflict,3,True,114.55,181.763,67.21300000000001,185.45,False,DISPATCH,110,False
A,E1_M_H_low,20240608,B2,A: no timely-ground preemption conflict,3,True,114.55,181.763,67.21300000000001,185.45,False,DISPATCH,110,False
A,E1_M_H_low,20240609,B2,A: no timely-ground preemption conflict,3,True,114.55,181.763,67.21300000000001,185.45,False,DISPATCH,110,False
A,E1_M_H_low,20240610,B2,A: no timely-ground preemption conflict,3,True,114.55,181.763,67.21300000000001,185.45,False,DISPATCH,110,False
A,E1_M_H_low,20240611,B2,A: no timely-ground preemption conflict,3,True,114.55,181.763,67.21300000000001,185.45,False,DISPATCH,110,False
A,E1_M_H_low,20240612,B2,A: no timely-ground preemption conflict,3,True,114.55,181.763,67.21300000000001,185.45,False,DISPATCH,110,False
A,E1_M_H_low,20240613,B2,A: no timely-ground preemption conflict,3,True,114.55,181.763,67.21300000000001,185.45,False,DISPATCH,110,False
A,E1_M_H_low,20240614,B2,A: no timely-ground preemption conflict,3,True,114.55,181.763,67.21300000000001,185.45,False,DISPATCH,110,False
A,E1_M_H_low,20240615,B2,A: no timely-ground preemption conflict,3,True,114.55,181.763,67.21300000000001,185.45,False,DISPATCH,110,False
A,E1_M_H_low,20240616,B2,A: no timely-ground preemption conflict,3,True,114.55,181.763,67.21300000000001,185.45,False,DISPATCH,110,False
A,E1_M_H_low,20240617,B2,A: no timely-ground preemption conflict,3,True,114.55,181.763,67.21300000000001,185.45,False,DISPATCH,110,False
A,E1_M_H_low,20240618,B2,A: no timely-ground preemption conflict,3,True,114.55,181.763,67.21300000000001,185.45,False,DISPATCH,110,False
A,E1_M_H_low,20240619,B2,A: no timely-ground preemption conflict,3,True,114.55,181.763,67.21300000000001,185.45,False,DISPATCH,110,False
A,E1_M_H_low,20240620,B2,A: no timely-ground preemption conflict,3,True,114.55,181.763,67.21300000000001,185.45,False,DISPATCH,110,False
B,XB_H_C_high,20240601,B2,A: no timely-ground preemption conflict,2,True,65.443,396.749,331.30600000000004,114.557,True,REASSIGN,55,False
B,XB_H_C_high,20240602,B2,A: no timely-ground preemption conflict,2,True,59.749,396.749,337.0,120.251,True,REASSIGN,49,False
B,XB_H_C_high,20240603,B2,A: no timely-ground preemption conflict,2,True,68.198,396.749,328.55100000000004,111.802,True,REASSIGN,59,False
B,XB_H_C_high,20240604,B2,A: no timely-ground preemption conflict,2,True,70.17,396.749,326.579,109.83,True,REASSIGN,61,False
B,XB_H_C_high,20240605,B2,A: no timely-ground preemption conflict,2,True,72.434,396.749,324.31500000000005,107.566,True,REASSIGN,63,False
B,XB_H_C_high,20240606,B2,A: no timely-ground preemption conflict,2,True,67.429,396.749,329.32000000000005,112.571,True,REASSIGN,57,False
B,XB_H_C_high,20240607,B2,A: no timely-ground preemption conflict,2,True,66.79,396.749,329.959,113.21,True,REASSIGN,56,False
B,XB_H_C_high,20240608,B2,A: no timely-ground preemption conflict,2,True,72.217,396.749,324.53200000000004,107.783,True,REASSIGN,63,False
B,XB_H_C_high,20240609,B2,A: no timely-ground preemption conflict,2,True,65.364,396.749,331.385,114.636,True,REASSIGN,56,False
B,XB_H_C_high,20240610,B2,A: no timely-ground preemption conflict,2,True,58.795,396.749,337.954,121.205,True,REASSIGN,48,False
B,XB_H_C_high,20240611,B2,A: no timely-ground preemption conflict,2,True,72.365,396.749,324.384,107.635,True,REASSIGN,63,False
B,XB_H_C_high,20240612,B2,A: no timely-ground preemption conflict,2,True,57.618,396.749,339.13100000000003,122.382,True,REASSIGN,47,False
B,XB_H_C_high,20240613,B2,A: no timely-ground preemption conflict,2,True,66.538,396.749,330.211,113.462,True,REASSIGN,56,False
B,XB_H_C_high,20240614,B2,A: no timely-ground preemption conflict,2,True,60.946,396.749,335.803,119.054,True,REASSIGN,52,False
B,XB_H_C_high,20240615,B2,A: no timely-ground preemption conflict,2,True,58.419,396.749,338.33000000000004,121.581,True,REASSIGN,48,False
B,XB_H_C_high,20240616,B2,A: no timely-ground preemption conflict,2,True,61.214,396.749,335.535,118.786,True,REASSIGN,52,False
B,XB_H_C_high,20240617,B2,A: no timely-ground preemption conflict,2,True,60.557,396.749,336.192,119.443,True,REASSIGN,50,False
B,XB_H_C_high,20240618,B2,A: no timely-ground preemption conflict,2,True,66.979,396.749,329.77000000000004,113.021,True,REASSIGN,58,False
B,XB_H_C_high,20240619,B2,A: no timely-ground preemption conflict,2,True,67.051,396.749,329.69800000000004,112.949,True,REASSIGN,58,False
B,XB_H_C_high,20240620,B2,A: no timely-ground preemption conflict,2,True,67.798,396.749,328.951,112.202,True,REASSIGN,57,False
B,XB_H_C_low,20240601,B2,A: no timely-ground preemption conflict,3,True,44.149,396.749,352.6,135.851,False,DISPATCH,40,False
B,XB_H_C_low,20240602,B2,A: no timely-ground preemption conflict,3,True,44.149,396.749,352.6,135.851,False,DISPATCH,40,False
B,XB_H_C_low,20240603,B2,A: no timely-ground preemption conflict,3,True,44.149,396.749,352.6,135.851,False,DISPATCH,40,False
B,XB_H_C_low,20240604,B2,A: no timely-ground preemption conflict,3,True,44.149,396.749,352.6,135.851,False,DISPATCH,40,False
B,XB_H_C_low,20240605,B2,A: no timely-ground preemption conflict,3,True,44.149,396.749,352.6,135.851,False,DISPATCH,40,False
B,XB_H_C_low,20240606,B2,A: no timely-ground preemption conflict,3,True,44.149,396.749,352.6,135.851,False,DISPATCH,40,False
B,XB_H_C_low,20240607,B2,A: no timely-ground preemption conflict,3,True,44.149,396.749,352.6,135.851,False,DISPATCH,40,False
B,XB_H_C_low,20240608,B2,A: no timely-ground preemption conflict,3,True,44.149,396.749,352.6,135.851,False,DISPATCH,40,False
B,XB_H_C_low,20240609,B2,A: no timely-ground preemption conflict,3,True,44.149,396.749,352.6,135.851,False,DISPATCH,40,False
B,XB_H_C_low,20240610,B2,A: no timely-ground preemption conflict,3,True,44.149,396.749,352.6,135.851,False,DISPATCH,40,False
B,XB_H_C_low,20240611,B2,A: no timely-ground preemption conflict,3,True,44.149,396.749,352.6,135.851,False,DISPATCH,40,False
B,XB_H_C_low,20240612,B2,A: no timely-ground preemption conflict,3,True,44.149,396.749,352.6,135.851,False,DISPATCH,40,False
B,XB_H_C_low,20240613,B2,A: no timely-ground preemption conflict,3,True,44.149,396.749,352.6,135.851,False,DISPATCH,40,False
B,XB_H_C_low,20240614,B2,A: no timely-ground preemption conflict,3,True,44.149,396.749,352.6,135.851,False,DISPATCH,40,False
B,XB_H_C_low,20240615,B2,A: no timely-ground preemption conflict,3,True,44.149,396.749,352.6,135.851,False,DISPATCH,40,False
B,XB_H_C_low,20240616,B2,A: no timely-ground preemption conflict,3,True,44.149,396.749,352.6,135.851,False,DISPATCH,40,False
B,XB_H_C_low,20240617,B2,A: no timely-ground preemption conflict,3,True,44.149,396.749,352.6,135.851,False,DISPATCH,40,False
B,XB_H_C_low,20240618,B2,A: no timely-ground preemption conflict,3,True,44.149,396.749,352.6,135.851,False,DISPATCH,40,False
B,XB_H_C_low,20240619,B2,A: no timely-ground preemption conflict,3,True,44.149,396.749,352.6,135.851,False,DISPATCH,40,False
B,XB_H_C_low,20240620,B2,A: no timely-ground preemption conflict,3,True,44.149,396.749,352.6,135.851,False,DISPATCH,40,False
B,XB_H_H_high,20240601,B2,A: no timely-ground preemption conflict,2,True,65.443,396.749,331.30600000000004,234.55700000000002,True,REASSIGN,55,False
B,XB_H_H_high,20240602,B2,A: no timely-ground preemption conflict,2,True,59.749,396.749,337.0,240.251,True,REASSIGN,49,False
B,XB_H_H_high,20240603,B2,A: no timely-ground preemption conflict,2,True,68.198,396.749,328.55100000000004,231.80200000000002,True,REASSIGN,59,False
B,XB_H_H_high,20240604,B2,A: no timely-ground preemption conflict,2,True,70.17,396.749,326.579,229.82999999999998,True,REASSIGN,61,False
B,XB_H_H_high,20240605,B2,A: no timely-ground preemption conflict,2,True,72.434,396.749,324.31500000000005,227.566,True,REASSIGN,63,False
B,XB_H_H_high,20240606,B2,A: no timely-ground preemption conflict,2,True,67.429,396.749,329.32000000000005,232.571,True,REASSIGN,57,False
B,XB_H_H_high,20240607,B2,A: no timely-ground preemption conflict,2,True,66.79,396.749,329.959,233.20999999999998,True,REASSIGN,56,False
B,XB_H_H_high,20240608,B2,A: no timely-ground preemption conflict,2,True,72.217,396.749,324.53200000000004,227.78300000000002,True,REASSIGN,63,False
B,XB_H_H_high,20240609,B2,A: no timely-ground preemption conflict,2,True,65.364,396.749,331.385,234.636,True,REASSIGN,56,False
B,XB_H_H_high,20240610,B2,A: no timely-ground preemption conflict,2,True,58.795,396.749,337.954,241.20499999999998,True,REASSIGN,48,False
B,XB_H_H_high,20240611,B2,A: no timely-ground preemption conflict,2,True,72.365,396.749,324.384,227.635,True,REASSIGN,63,False
B,XB_H_H_high,20240612,B2,A: no timely-ground preemption conflict,2,True,57.618,396.749,339.13100000000003,242.382,True,REASSIGN,47,False
B,XB_H_H_high,20240613,B2,A: no timely-ground preemption conflict,2,True,66.538,396.749,330.211,233.462,True,REASSIGN,56,False
B,XB_H_H_high,20240614,B2,A: no timely-ground preemption conflict,2,True,60.946,396.749,335.803,239.054,True,REASSIGN,52,False
B,XB_H_H_high,20240615,B2,A: no timely-ground preemption conflict,2,True,58.419,396.749,338.33000000000004,241.58100000000002,True,REASSIGN,48,False
B,XB_H_H_high,20240616,B2,A: no timely-ground preemption conflict,2,True,61.214,396.749,335.535,238.786,True,REASSIGN,52,False
B,XB_H_H_high,20240617,B2,A: no timely-ground preemption conflict,2,True,60.557,396.749,336.192,239.44299999999998,True,REASSIGN,50,False
B,XB_H_H_high,20240618,B2,A: no timely-ground preemption conflict,2,True,66.979,396.749,329.77000000000004,233.02100000000002,True,REASSIGN,58,False
B,XB_H_H_high,20240619,B2,A: no timely-ground preemption conflict,2,True,67.051,396.749,329.69800000000004,232.949,True,REASSIGN,58,False
B,XB_H_H_high,20240620,B2,A: no timely-ground preemption conflict,2,True,67.798,396.749,328.951,232.202,True,REASSIGN,57,False
B,XB_H_H_low,20240601,B2,A: no timely-ground preemption conflict,3,True,44.149,396.749,352.6,255.851,False,DISPATCH,40,False
B,XB_H_H_low,20240602,B2,A: no timely-ground preemption conflict,3,True,44.149,396.749,352.6,255.851,False,DISPATCH,40,False
B,XB_H_H_low,20240603,B2,A: no timely-ground preemption conflict,3,True,44.149,396.749,352.6,255.851,False,DISPATCH,40,False
B,XB_H_H_low,20240604,B2,A: no timely-ground preemption conflict,3,True,44.149,396.749,352.6,255.851,False,DISPATCH,40,False
B,XB_H_H_low,20240605,B2,A: no timely-ground preemption conflict,3,True,44.149,396.749,352.6,255.851,False,DISPATCH,40,False
B,XB_H_H_low,20240606,B2,A: no timely-ground preemption conflict,3,True,44.149,396.749,352.6,255.851,False,DISPATCH,40,False
B,XB_H_H_low,20240607,B2,A: no timely-ground preemption conflict,3,True,44.149,396.749,352.6,255.851,False,DISPATCH,40,False
B,XB_H_H_low,20240608,B2,A: no timely-ground preemption conflict,3,True,44.149,396.749,352.6,255.851,False,DISPATCH,40,False
B,XB_H_H_low,20240609,B2,A: no timely-ground preemption conflict,3,True,44.149,396.749,352.6,255.851,False,DISPATCH,40,False
B,XB_H_H_low,20240610,B2,A: no timely-ground preemption conflict,3,True,44.149,396.749,352.6,255.851,False,DISPATCH,40,False
B,XB_H_H_low,20240611,B2,A: no timely-ground preemption conflict,3,True,44.149,396.749,352.6,255.851,False,DISPATCH,40,False
B,XB_H_H_low,20240612,B2,A: no timely-ground preemption conflict,3,True,44.149,396.749,352.6,255.851,False,DISPATCH,40,False
B,XB_H_H_low,20240613,B2,A: no timely-ground preemption conflict,3,True,44.149,396.749,352.6,255.851,False,DISPATCH,40,False
B,XB_H_H_low,20240614,B2,A: no timely-ground preemption conflict,3,True,44.149,396.749,352.6,255.851,False,DISPATCH,40,False
B,XB_H_H_low,20240615,B2,A: no timely-ground preemption conflict,3,True,44.149,396.749,352.6,255.851,False,DISPATCH,40,False
B,XB_H_H_low,20240616,B2,A: no timely-ground preemption conflict,3,True,44.149,396.749,352.6,255.851,False,DISPATCH,40,False
B,XB_H_H_low,20240617,B2,A: no timely-ground preemption conflict,3,True,44.149,396.749,352.6,255.851,False,DISPATCH,40,False
B,XB_H_H_low,20240618,B2,A: no timely-ground preemption conflict,3,True,44.149,396.749,352.6,255.851,False,DISPATCH,40,False
B,XB_H_H_low,20240619,B2,A: no timely-ground preemption conflict,3,True,44.149,396.749,352.6,255.851,False,DISPATCH,40,False
B,XB_H_H_low,20240620,B2,A: no timely-ground preemption conflict,3,True,44.149,396.749,352.6,255.851,False,DISPATCH,40,False
B,XB_L_C_high,20240601,B2,B: speed/service conflict,2,True,65.443,150.146,84.70299999999999,114.557,True,REASSIGN,55,False
B,XB_L_C_high,20240602,B2,B: speed/service conflict,2,True,59.749,150.146,90.39699999999999,120.251,True,REASSIGN,49,False
B,XB_L_C_high,20240603,B2,B: speed/service conflict,2,True,68.198,150.146,81.948,111.802,True,REASSIGN,59,False
B,XB_L_C_high,20240604,B2,B: speed/service conflict,2,True,70.17,150.146,79.97599999999998,109.83,True,REASSIGN,61,False
B,XB_L_C_high,20240605,B2,B: speed/service conflict,2,True,72.434,150.146,77.71199999999999,107.566,True,REASSIGN,63,False
B,XB_L_C_high,20240606,B2,B: speed/service conflict,2,True,67.429,150.146,82.71699999999998,112.571,True,REASSIGN,57,False
B,XB_L_C_high,20240607,B2,B: speed/service conflict,2,True,66.79,150.146,83.35599999999998,113.21,True,REASSIGN,56,False
B,XB_L_C_high,20240608,B2,B: speed/service conflict,2,True,72.217,150.146,77.92899999999999,107.783,True,REASSIGN,63,False
B,XB_L_C_high,20240609,B2,B: speed/service conflict,2,True,65.364,150.146,84.78199999999998,114.636,True,REASSIGN,56,False
B,XB_L_C_high,20240610,B2,B: speed/service conflict,2,True,58.795,150.146,91.35099999999998,121.205,True,REASSIGN,48,False
B,XB_L_C_high,20240611,B2,B: speed/service conflict,2,True,72.365,150.146,77.78099999999999,107.635,True,REASSIGN,63,False
B,XB_L_C_high,20240612,B2,B: speed/service conflict,2,True,57.618,150.146,92.52799999999999,122.382,True,REASSIGN,47,False
B,XB_L_C_high,20240613,B2,B: speed/service conflict,2,True,66.538,150.146,83.60799999999999,113.462,True,REASSIGN,56,False
B,XB_L_C_high,20240614,B2,B: speed/service conflict,2,True,60.946,150.146,89.19999999999999,119.054,True,REASSIGN,52,False
B,XB_L_C_high,20240615,B2,B: speed/service conflict,2,True,58.419,150.146,91.72699999999999,121.581,True,REASSIGN,48,False
B,XB_L_C_high,20240616,B2,B: speed/service conflict,2,True,61.214,150.146,88.93199999999999,118.786,True,REASSIGN,52,False
B,XB_L_C_high,20240617,B2,B: speed/service conflict,2,True,60.557,150.146,89.58899999999998,119.443,True,REASSIGN,50,False
B,XB_L_C_high,20240618,B2,B: speed/service conflict,2,True,66.979,150.146,83.16699999999999,113.021,True,REASSIGN,58,False
B,XB_L_C_high,20240619,B2,B: speed/service conflict,2,True,67.051,150.146,83.09499999999998,112.949,True,REASSIGN,58,False
B,XB_L_C_high,20240620,B2,B: speed/service conflict,2,True,67.798,150.146,82.34799999999998,112.202,True,REASSIGN,57,False
B,XB_L_C_low,20240601,B2,A: no timely-ground preemption conflict,3,True,44.149,150.146,105.99699999999999,135.851,False,DISPATCH,40,False
B,XB_L_C_low,20240602,B2,A: no timely-ground preemption conflict,3,True,44.149,150.146,105.99699999999999,135.851,False,DISPATCH,40,False
B,XB_L_C_low,20240603,B2,A: no timely-ground preemption conflict,3,True,44.149,150.146,105.99699999999999,135.851,False,DISPATCH,40,False
B,XB_L_C_low,20240604,B2,A: no timely-ground preemption conflict,3,True,44.149,150.146,105.99699999999999,135.851,False,DISPATCH,40,False
B,XB_L_C_low,20240605,B2,A: no timely-ground preemption conflict,3,True,44.149,150.146,105.99699999999999,135.851,False,DISPATCH,40,False
B,XB_L_C_low,20240606,B2,A: no timely-ground preemption conflict,3,True,44.149,150.146,105.99699999999999,135.851,False,DISPATCH,40,False
B,XB_L_C_low,20240607,B2,A: no timely-ground preemption conflict,3,True,44.149,150.146,105.99699999999999,135.851,False,DISPATCH,40,False
B,XB_L_C_low,20240608,B2,A: no timely-ground preemption conflict,3,True,44.149,150.146,105.99699999999999,135.851,False,DISPATCH,40,False
B,XB_L_C_low,20240609,B2,A: no timely-ground preemption conflict,3,True,44.149,150.146,105.99699999999999,135.851,False,DISPATCH,40,False
B,XB_L_C_low,20240610,B2,A: no timely-ground preemption conflict,3,True,44.149,150.146,105.99699999999999,135.851,False,DISPATCH,40,False
B,XB_L_C_low,20240611,B2,A: no timely-ground preemption conflict,3,True,44.149,150.146,105.99699999999999,135.851,False,DISPATCH,40,False
B,XB_L_C_low,20240612,B2,A: no timely-ground preemption conflict,3,True,44.149,150.146,105.99699999999999,135.851,False,DISPATCH,40,False
B,XB_L_C_low,20240613,B2,A: no timely-ground preemption conflict,3,True,44.149,150.146,105.99699999999999,135.851,False,DISPATCH,40,False
B,XB_L_C_low,20240614,B2,A: no timely-ground preemption conflict,3,True,44.149,150.146,105.99699999999999,135.851,False,DISPATCH,40,False
B,XB_L_C_low,20240615,B2,A: no timely-ground preemption conflict,3,True,44.149,150.146,105.99699999999999,135.851,False,DISPATCH,40,False
B,XB_L_C_low,20240616,B2,A: no timely-ground preemption conflict,3,True,44.149,150.146,105.99699999999999,135.851,False,DISPATCH,40,False
B,XB_L_C_low,20240617,B2,A: no timely-ground preemption conflict,3,True,44.149,150.146,105.99699999999999,135.851,False,DISPATCH,40,False
B,XB_L_C_low,20240618,B2,A: no timely-ground preemption conflict,3,True,44.149,150.146,105.99699999999999,135.851,False,DISPATCH,40,False
B,XB_L_C_low,20240619,B2,A: no timely-ground preemption conflict,3,True,44.149,150.146,105.99699999999999,135.851,False,DISPATCH,40,False
B,XB_L_C_low,20240620,B2,A: no timely-ground preemption conflict,3,True,44.149,150.146,105.99699999999999,135.851,False,DISPATCH,40,False
B,XB_L_H_high,20240601,B2,B: speed/service conflict,2,True,65.443,150.146,84.70299999999999,234.55700000000002,True,REASSIGN,55,False
B,XB_L_H_high,20240602,B2,B: speed/service conflict,2,True,59.749,150.146,90.39699999999999,240.251,True,REASSIGN,49,False
B,XB_L_H_high,20240603,B2,B: speed/service conflict,2,True,68.198,150.146,81.948,231.80200000000002,True,REASSIGN,59,False
B,XB_L_H_high,20240604,B2,B: speed/service conflict,2,True,70.17,150.146,79.97599999999998,229.82999999999998,True,REASSIGN,61,False
B,XB_L_H_high,20240605,B2,B: speed/service conflict,2,True,72.434,150.146,77.71199999999999,227.566,True,REASSIGN,63,False
B,XB_L_H_high,20240606,B2,B: speed/service conflict,2,True,67.429,150.146,82.71699999999998,232.571,True,REASSIGN,57,False
B,XB_L_H_high,20240607,B2,B: speed/service conflict,2,True,66.79,150.146,83.35599999999998,233.20999999999998,True,REASSIGN,56,False
B,XB_L_H_high,20240608,B2,B: speed/service conflict,2,True,72.217,150.146,77.92899999999999,227.78300000000002,True,REASSIGN,63,False
B,XB_L_H_high,20240609,B2,B: speed/service conflict,2,True,65.364,150.146,84.78199999999998,234.636,True,REASSIGN,56,False
B,XB_L_H_high,20240610,B2,B: speed/service conflict,2,True,58.795,150.146,91.35099999999998,241.20499999999998,True,REASSIGN,48,False
B,XB_L_H_high,20240611,B2,B: speed/service conflict,2,True,72.365,150.146,77.78099999999999,227.635,True,REASSIGN,63,False
B,XB_L_H_high,20240612,B2,B: speed/service conflict,2,True,57.618,150.146,92.52799999999999,242.382,True,REASSIGN,47,False
B,XB_L_H_high,20240613,B2,B: speed/service conflict,2,True,66.538,150.146,83.60799999999999,233.462,True,REASSIGN,56,False
B,XB_L_H_high,20240614,B2,B: speed/service conflict,2,True,60.946,150.146,89.19999999999999,239.054,True,REASSIGN,52,False
B,XB_L_H_high,20240615,B2,B: speed/service conflict,2,True,58.419,150.146,91.72699999999999,241.58100000000002,True,REASSIGN,48,False
B,XB_L_H_high,20240616,B2,B: speed/service conflict,2,True,61.214,150.146,88.93199999999999,238.786,True,REASSIGN,52,False
B,XB_L_H_high,20240617,B2,B: speed/service conflict,2,True,60.557,150.146,89.58899999999998,239.44299999999998,True,REASSIGN,50,False
B,XB_L_H_high,20240618,B2,B: speed/service conflict,2,True,66.979,150.146,83.16699999999999,233.02100000000002,True,REASSIGN,58,False
B,XB_L_H_high,20240619,B2,B: speed/service conflict,2,True,67.051,150.146,83.09499999999998,232.949,True,REASSIGN,58,False
B,XB_L_H_high,20240620,B2,B: speed/service conflict,2,True,67.798,150.146,82.34799999999998,232.202,True,REASSIGN,57,False
B,XB_L_H_low,20240601,B2,A: no timely-ground preemption conflict,3,True,44.149,150.146,105.99699999999999,255.851,False,DISPATCH,40,False
B,XB_L_H_low,20240602,B2,A: no timely-ground preemption conflict,3,True,44.149,150.146,105.99699999999999,255.851,False,DISPATCH,40,False
B,XB_L_H_low,20240603,B2,A: no timely-ground preemption conflict,3,True,44.149,150.146,105.99699999999999,255.851,False,DISPATCH,40,False
B,XB_L_H_low,20240604,B2,A: no timely-ground preemption conflict,3,True,44.149,150.146,105.99699999999999,255.851,False,DISPATCH,40,False
B,XB_L_H_low,20240605,B2,A: no timely-ground preemption conflict,3,True,44.149,150.146,105.99699999999999,255.851,False,DISPATCH,40,False
B,XB_L_H_low,20240606,B2,A: no timely-ground preemption conflict,3,True,44.149,150.146,105.99699999999999,255.851,False,DISPATCH,40,False
B,XB_L_H_low,20240607,B2,A: no timely-ground preemption conflict,3,True,44.149,150.146,105.99699999999999,255.851,False,DISPATCH,40,False
B,XB_L_H_low,20240608,B2,A: no timely-ground preemption conflict,3,True,44.149,150.146,105.99699999999999,255.851,False,DISPATCH,40,False
B,XB_L_H_low,20240609,B2,A: no timely-ground preemption conflict,3,True,44.149,150.146,105.99699999999999,255.851,False,DISPATCH,40,False
B,XB_L_H_low,20240610,B2,A: no timely-ground preemption conflict,3,True,44.149,150.146,105.99699999999999,255.851,False,DISPATCH,40,False
B,XB_L_H_low,20240611,B2,A: no timely-ground preemption conflict,3,True,44.149,150.146,105.99699999999999,255.851,False,DISPATCH,40,False
B,XB_L_H_low,20240612,B2,A: no timely-ground preemption conflict,3,True,44.149,150.146,105.99699999999999,255.851,False,DISPATCH,40,False
B,XB_L_H_low,20240613,B2,A: no timely-ground preemption conflict,3,True,44.149,150.146,105.99699999999999,255.851,False,DISPATCH,40,False
B,XB_L_H_low,20240614,B2,A: no timely-ground preemption conflict,3,True,44.149,150.146,105.99699999999999,255.851,False,DISPATCH,40,False
B,XB_L_H_low,20240615,B2,A: no timely-ground preemption conflict,3,True,44.149,150.146,105.99699999999999,255.851,False,DISPATCH,40,False
B,XB_L_H_low,20240616,B2,A: no timely-ground preemption conflict,3,True,44.149,150.146,105.99699999999999,255.851,False,DISPATCH,40,False
B,XB_L_H_low,20240617,B2,A: no timely-ground preemption conflict,3,True,44.149,150.146,105.99699999999999,255.851,False,DISPATCH,40,False
B,XB_L_H_low,20240618,B2,A: no timely-ground preemption conflict,3,True,44.149,150.146,105.99699999999999,255.851,False,DISPATCH,40,False
B,XB_L_H_low,20240619,B2,A: no timely-ground preemption conflict,3,True,44.149,150.146,105.99699999999999,255.851,False,DISPATCH,40,False
B,XB_L_H_low,20240620,B2,A: no timely-ground preemption conflict,3,True,44.149,150.146,105.99699999999999,255.851,False,DISPATCH,40,False
B,XB_M_C_high,20240601,B2,A: no timely-ground preemption conflict,2,True,65.443,240.537,175.094,114.557,True,REASSIGN,55,False
B,XB_M_C_high,20240602,B2,A: no timely-ground preemption conflict,2,True,59.749,240.537,180.788,120.251,True,REASSIGN,49,False
B,XB_M_C_high,20240603,B2,A: no timely-ground preemption conflict,2,True,68.198,240.537,172.339,111.802,True,REASSIGN,59,False
B,XB_M_C_high,20240604,B2,A: no timely-ground preemption conflict,2,True,70.17,240.537,170.36700000000002,109.83,True,REASSIGN,61,False
B,XB_M_C_high,20240605,B2,A: no timely-ground preemption conflict,2,True,72.434,240.537,168.103,107.566,True,REASSIGN,63,False
B,XB_M_C_high,20240606,B2,A: no timely-ground preemption conflict,2,True,67.429,240.537,173.108,112.571,True,REASSIGN,57,False
B,XB_M_C_high,20240607,B2,A: no timely-ground preemption conflict,2,True,66.79,240.537,173.747,113.21,True,REASSIGN,56,False
B,XB_M_C_high,20240608,B2,A: no timely-ground preemption conflict,2,True,72.217,240.537,168.32,107.783,True,REASSIGN,63,False
B,XB_M_C_high,20240609,B2,A: no timely-ground preemption conflict,2,True,65.364,240.537,175.173,114.636,True,REASSIGN,56,False
B,XB_M_C_high,20240610,B2,A: no timely-ground preemption conflict,2,True,58.795,240.537,181.74200000000002,121.205,True,REASSIGN,48,False
B,XB_M_C_high,20240611,B2,A: no timely-ground preemption conflict,2,True,72.365,240.537,168.17200000000003,107.635,True,REASSIGN,63,False
B,XB_M_C_high,20240612,B2,A: no timely-ground preemption conflict,2,True,57.618,240.537,182.919,122.382,True,REASSIGN,47,False
B,XB_M_C_high,20240613,B2,A: no timely-ground preemption conflict,2,True,66.538,240.537,173.99900000000002,113.462,True,REASSIGN,56,False
B,XB_M_C_high,20240614,B2,A: no timely-ground preemption conflict,2,True,60.946,240.537,179.591,119.054,True,REASSIGN,52,False
B,XB_M_C_high,20240615,B2,A: no timely-ground preemption conflict,2,True,58.419,240.537,182.118,121.581,True,REASSIGN,48,False
B,XB_M_C_high,20240616,B2,A: no timely-ground preemption conflict,2,True,61.214,240.537,179.323,118.786,True,REASSIGN,52,False
B,XB_M_C_high,20240617,B2,A: no timely-ground preemption conflict,2,True,60.557,240.537,179.98000000000002,119.443,True,REASSIGN,50,False
B,XB_M_C_high,20240618,B2,A: no timely-ground preemption conflict,2,True,66.979,240.537,173.558,113.021,True,REASSIGN,58,False
B,XB_M_C_high,20240619,B2,A: no timely-ground preemption conflict,2,True,67.051,240.537,173.486,112.949,True,REASSIGN,58,False
B,XB_M_C_high,20240620,B2,A: no timely-ground preemption conflict,2,True,67.798,240.537,172.739,112.202,True,REASSIGN,57,False
B,XB_M_C_low,20240601,B2,A: no timely-ground preemption conflict,3,True,44.149,240.537,196.388,135.851,False,DISPATCH,40,False
B,XB_M_C_low,20240602,B2,A: no timely-ground preemption conflict,3,True,44.149,240.537,196.388,135.851,False,DISPATCH,40,False
B,XB_M_C_low,20240603,B2,A: no timely-ground preemption conflict,3,True,44.149,240.537,196.388,135.851,False,DISPATCH,40,False
B,XB_M_C_low,20240604,B2,A: no timely-ground preemption conflict,3,True,44.149,240.537,196.388,135.851,False,DISPATCH,40,False
B,XB_M_C_low,20240605,B2,A: no timely-ground preemption conflict,3,True,44.149,240.537,196.388,135.851,False,DISPATCH,40,False
B,XB_M_C_low,20240606,B2,A: no timely-ground preemption conflict,3,True,44.149,240.537,196.388,135.851,False,DISPATCH,40,False
B,XB_M_C_low,20240607,B2,A: no timely-ground preemption conflict,3,True,44.149,240.537,196.388,135.851,False,DISPATCH,40,False
B,XB_M_C_low,20240608,B2,A: no timely-ground preemption conflict,3,True,44.149,240.537,196.388,135.851,False,DISPATCH,40,False
B,XB_M_C_low,20240609,B2,A: no timely-ground preemption conflict,3,True,44.149,240.537,196.388,135.851,False,DISPATCH,40,False
B,XB_M_C_low,20240610,B2,A: no timely-ground preemption conflict,3,True,44.149,240.537,196.388,135.851,False,DISPATCH,40,False
B,XB_M_C_low,20240611,B2,A: no timely-ground preemption conflict,3,True,44.149,240.537,196.388,135.851,False,DISPATCH,40,False
B,XB_M_C_low,20240612,B2,A: no timely-ground preemption conflict,3,True,44.149,240.537,196.388,135.851,False,DISPATCH,40,False
B,XB_M_C_low,20240613,B2,A: no timely-ground preemption conflict,3,True,44.149,240.537,196.388,135.851,False,DISPATCH,40,False
B,XB_M_C_low,20240614,B2,A: no timely-ground preemption conflict,3,True,44.149,240.537,196.388,135.851,False,DISPATCH,40,False
B,XB_M_C_low,20240615,B2,A: no timely-ground preemption conflict,3,True,44.149,240.537,196.388,135.851,False,DISPATCH,40,False
B,XB_M_C_low,20240616,B2,A: no timely-ground preemption conflict,3,True,44.149,240.537,196.388,135.851,False,DISPATCH,40,False
B,XB_M_C_low,20240617,B2,A: no timely-ground preemption conflict,3,True,44.149,240.537,196.388,135.851,False,DISPATCH,40,False
B,XB_M_C_low,20240618,B2,A: no timely-ground preemption conflict,3,True,44.149,240.537,196.388,135.851,False,DISPATCH,40,False
B,XB_M_C_low,20240619,B2,A: no timely-ground preemption conflict,3,True,44.149,240.537,196.388,135.851,False,DISPATCH,40,False
B,XB_M_C_low,20240620,B2,A: no timely-ground preemption conflict,3,True,44.149,240.537,196.388,135.851,False,DISPATCH,40,False
B,XB_M_H_high,20240601,B2,B: speed/service conflict,2,True,65.443,240.537,175.094,234.55700000000002,True,REASSIGN,55,False
B,XB_M_H_high,20240602,B2,B: speed/service conflict,2,True,59.749,240.537,180.788,240.251,True,REASSIGN,49,False
B,XB_M_H_high,20240603,B2,B: speed/service conflict,2,True,68.198,240.537,172.339,231.80200000000002,True,REASSIGN,59,False
B,XB_M_H_high,20240604,B2,B: speed/service conflict,2,True,70.17,240.537,170.36700000000002,229.82999999999998,True,REASSIGN,61,False
B,XB_M_H_high,20240605,B2,B: speed/service conflict,2,True,72.434,240.537,168.103,227.566,True,REASSIGN,63,False
B,XB_M_H_high,20240606,B2,B: speed/service conflict,2,True,67.429,240.537,173.108,232.571,True,REASSIGN,57,False
B,XB_M_H_high,20240607,B2,B: speed/service conflict,2,True,66.79,240.537,173.747,233.20999999999998,True,REASSIGN,56,False
B,XB_M_H_high,20240608,B2,B: speed/service conflict,2,True,72.217,240.537,168.32,227.78300000000002,True,REASSIGN,63,False
B,XB_M_H_high,20240609,B2,B: speed/service conflict,2,True,65.364,240.537,175.173,234.636,True,REASSIGN,56,False
B,XB_M_H_high,20240610,B2,B: speed/service conflict,2,True,58.795,240.537,181.74200000000002,241.20499999999998,True,REASSIGN,48,False
B,XB_M_H_high,20240611,B2,B: speed/service conflict,2,True,72.365,240.537,168.17200000000003,227.635,True,REASSIGN,63,False
B,XB_M_H_high,20240612,B2,B: speed/service conflict,2,True,57.618,240.537,182.919,242.382,True,REASSIGN,47,False
B,XB_M_H_high,20240613,B2,B: speed/service conflict,2,True,66.538,240.537,173.99900000000002,233.462,True,REASSIGN,56,False
B,XB_M_H_high,20240614,B2,B: speed/service conflict,2,True,60.946,240.537,179.591,239.054,True,REASSIGN,52,False
B,XB_M_H_high,20240615,B2,B: speed/service conflict,2,True,58.419,240.537,182.118,241.58100000000002,True,REASSIGN,48,False
B,XB_M_H_high,20240616,B2,B: speed/service conflict,2,True,61.214,240.537,179.323,238.786,True,REASSIGN,52,False
B,XB_M_H_high,20240617,B2,B: speed/service conflict,2,True,60.557,240.537,179.98000000000002,239.44299999999998,True,REASSIGN,50,False
B,XB_M_H_high,20240618,B2,B: speed/service conflict,2,True,66.979,240.537,173.558,233.02100000000002,True,REASSIGN,58,False
B,XB_M_H_high,20240619,B2,B: speed/service conflict,2,True,67.051,240.537,173.486,232.949,True,REASSIGN,58,False
B,XB_M_H_high,20240620,B2,B: speed/service conflict,2,True,67.798,240.537,172.739,232.202,True,REASSIGN,57,False
B,XB_M_H_low,20240601,B2,A: no timely-ground preemption conflict,3,True,44.149,240.537,196.388,255.851,False,DISPATCH,40,False
B,XB_M_H_low,20240602,B2,A: no timely-ground preemption conflict,3,True,44.149,240.537,196.388,255.851,False,DISPATCH,40,False
B,XB_M_H_low,20240603,B2,A: no timely-ground preemption conflict,3,True,44.149,240.537,196.388,255.851,False,DISPATCH,40,False
B,XB_M_H_low,20240604,B2,A: no timely-ground preemption conflict,3,True,44.149,240.537,196.388,255.851,False,DISPATCH,40,False
B,XB_M_H_low,20240605,B2,A: no timely-ground preemption conflict,3,True,44.149,240.537,196.388,255.851,False,DISPATCH,40,False
B,XB_M_H_low,20240606,B2,A: no timely-ground preemption conflict,3,True,44.149,240.537,196.388,255.851,False,DISPATCH,40,False
B,XB_M_H_low,20240607,B2,A: no timely-ground preemption conflict,3,True,44.149,240.537,196.388,255.851,False,DISPATCH,40,False
B,XB_M_H_low,20240608,B2,A: no timely-ground preemption conflict,3,True,44.149,240.537,196.388,255.851,False,DISPATCH,40,False
B,XB_M_H_low,20240609,B2,A: no timely-ground preemption conflict,3,True,44.149,240.537,196.388,255.851,False,DISPATCH,40,False
B,XB_M_H_low,20240610,B2,A: no timely-ground preemption conflict,3,True,44.149,240.537,196.388,255.851,False,DISPATCH,40,False
B,XB_M_H_low,20240611,B2,A: no timely-ground preemption conflict,3,True,44.149,240.537,196.388,255.851,False,DISPATCH,40,False
B,XB_M_H_low,20240612,B2,A: no timely-ground preemption conflict,3,True,44.149,240.537,196.388,255.851,False,DISPATCH,40,False
B,XB_M_H_low,20240613,B2,A: no timely-ground preemption conflict,3,True,44.149,240.537,196.388,255.851,False,DISPATCH,40,False
B,XB_M_H_low,20240614,B2,A: no timely-ground preemption conflict,3,True,44.149,240.537,196.388,255.851,False,DISPATCH,40,False
B,XB_M_H_low,20240615,B2,A: no timely-ground preemption conflict,3,True,44.149,240.537,196.388,255.851,False,DISPATCH,40,False
B,XB_M_H_low,20240616,B2,A: no timely-ground preemption conflict,3,True,44.149,240.537,196.388,255.851,False,DISPATCH,40,False
B,XB_M_H_low,20240617,B2,A: no timely-ground preemption conflict,3,True,44.149,240.537,196.388,255.851,False,DISPATCH,40,False
B,XB_M_H_low,20240618,B2,A: no timely-ground preemption conflict,3,True,44.149,240.537,196.388,255.851,False,DISPATCH,40,False
B,XB_M_H_low,20240619,B2,A: no timely-ground preemption conflict,3,True,44.149,240.537,196.388,255.851,False,DISPATCH,40,False
B,XB_M_H_low,20240620,B2,A: no timely-ground preemption conflict,3,True,44.149,240.537,196.388,255.851,False,DISPATCH,40,False
C,XC_H_C_high,20240601,B2,A: no timely-ground preemption conflict,2,True,174.177,380.104,205.927,5.8230000000000075,True,REASSIGN,172,False
C,XC_H_C_high,20240602,B2,C: no timely candidate,2,True,183.111,380.104,196.993,-3.11099999999999,True,REASSIGN,181,True
C,XC_H_C_high,20240603,B2,A: no timely-ground preemption conflict,2,True,177.848,380.104,202.25599999999997,2.151999999999987,True,REASSIGN,175,False
C,XC_H_C_high,20240604,B2,A: no timely-ground preemption conflict,2,True,171.36,380.104,208.74399999999997,8.639999999999986,True,REASSIGN,156,False
C,XC_H_C_high,20240605,B2,A: no timely-ground preemption conflict,2,True,173.043,380.104,207.06099999999998,6.956999999999994,True,REASSIGN,163,False
C,XC_H_C_high,20240606,B2,A: no timely-ground preemption conflict,2,True,169.823,380.104,210.28099999999998,10.176999999999992,True,REASSIGN,159,False
C,XC_H_C_high,20240607,B2,A: no timely-ground preemption conflict,2,True,178.862,380.104,201.242,1.1380000000000052,True,REASSIGN,169,False
C,XC_H_C_high,20240608,B2,A: no timely-ground preemption conflict,2,True,174.198,380.104,205.90599999999998,5.8019999999999925,True,REASSIGN,164,False
C,XC_H_C_high,20240609,B2,C: no timely candidate,2,True,188.898,380.104,191.206,-8.897999999999996,True,REASSIGN,187,True
C,XC_H_C_high,20240610,B2,C: no timely candidate,2,True,186.849,380.104,193.255,-6.8489999999999895,True,REASSIGN,185,True
C,XC_H_C_high,20240611,B2,A: no timely-ground preemption conflict,2,True,172.773,380.104,207.331,7.227000000000004,True,REASSIGN,163,False
C,XC_H_C_high,20240612,B2,C: no timely candidate,2,True,189.811,380.104,190.29299999999998,-9.811000000000007,True,REASSIGN,188,True
C,XC_H_C_high,20240613,B2,A: no timely-ground preemption conflict,2,True,171.552,380.104,208.552,8.448000000000008,True,REASSIGN,162,False
C,XC_H_C_high,20240614,B2,C: no timely candidate,2,True,194.668,380.104,185.43599999999998,-14.668000000000006,True,REASSIGN,193,True
C,XC_H_C_high,20240615,B2,C: no timely candidate,2,True,192.876,380.104,187.22799999999998,-12.876000000000005,True,REASSIGN,190,True
C,XC_H_C_high,20240616,B2,C: no timely candidate,2,True,203.13,380.104,176.974,-23.129999999999995,True,REASSIGN,202,True
C,XC_H_C_high,20240617,B2,C: no timely candidate,2,True,186.109,380.104,193.99499999999998,-6.109000000000009,True,REASSIGN,183,True
C,XC_H_C_high,20240618,B2,A: no timely-ground preemption conflict,2,True,174.256,380.104,205.84799999999998,5.744,True,REASSIGN,172,False
C,XC_H_C_high,20240619,B2,A: no timely-ground preemption conflict,2,True,174.444,380.104,205.66,5.556000000000012,True,REASSIGN,174,False
C,XC_H_C_high,20240620,B2,C: no timely candidate,2,True,183.14,380.104,196.964,-3.1399999999999864,True,REASSIGN,173,False
C,XC_H_C_low,20240601,B2,A: no timely-ground preemption conflict,3,True,165.726,380.104,214.378,14.274000000000001,False,DISPATCH,161,False
C,XC_H_C_low,20240602,B2,A: no timely-ground preemption conflict,3,True,165.726,380.104,214.378,14.274000000000001,False,DISPATCH,161,False
C,XC_H_C_low,20240603,B2,A: no timely-ground preemption conflict,3,True,165.726,380.104,214.378,14.274000000000001,False,DISPATCH,161,False
C,XC_H_C_low,20240604,B2,A: no timely-ground preemption conflict,3,True,165.726,380.104,214.378,14.274000000000001,False,DISPATCH,161,False
C,XC_H_C_low,20240605,B2,A: no timely-ground preemption conflict,3,True,165.726,380.104,214.378,14.274000000000001,False,DISPATCH,161,False
C,XC_H_C_low,20240606,B2,A: no timely-ground preemption conflict,3,True,165.726,380.104,214.378,14.274000000000001,False,DISPATCH,161,False
C,XC_H_C_low,20240607,B2,A: no timely-ground preemption conflict,3,True,165.726,380.104,214.378,14.274000000000001,False,DISPATCH,161,False
C,XC_H_C_low,20240608,B2,A: no timely-ground preemption conflict,3,True,165.726,380.104,214.378,14.274000000000001,False,DISPATCH,161,False
C,XC_H_C_low,20240609,B2,A: no timely-ground preemption conflict,3,True,165.726,380.104,214.378,14.274000000000001,False,DISPATCH,161,False
C,XC_H_C_low,20240610,B2,A: no timely-ground preemption conflict,3,True,165.726,380.104,214.378,14.274000000000001,False,DISPATCH,161,False
C,XC_H_C_low,20240611,B2,A: no timely-ground preemption conflict,3,True,165.726,380.104,214.378,14.274000000000001,False,DISPATCH,161,False
C,XC_H_C_low,20240612,B2,A: no timely-ground preemption conflict,3,True,165.726,380.104,214.378,14.274000000000001,False,DISPATCH,161,False
C,XC_H_C_low,20240613,B2,A: no timely-ground preemption conflict,3,True,165.726,380.104,214.378,14.274000000000001,False,DISPATCH,161,False
C,XC_H_C_low,20240614,B2,A: no timely-ground preemption conflict,3,True,165.726,380.104,214.378,14.274000000000001,False,DISPATCH,161,False
C,XC_H_C_low,20240615,B2,A: no timely-ground preemption conflict,3,True,165.726,380.104,214.378,14.274000000000001,False,DISPATCH,161,False
C,XC_H_C_low,20240616,B2,A: no timely-ground preemption conflict,3,True,165.726,380.104,214.378,14.274000000000001,False,DISPATCH,161,False
C,XC_H_C_low,20240617,B2,A: no timely-ground preemption conflict,3,True,165.726,380.104,214.378,14.274000000000001,False,DISPATCH,161,False
C,XC_H_C_low,20240618,B2,A: no timely-ground preemption conflict,3,True,165.726,380.104,214.378,14.274000000000001,False,DISPATCH,161,False
C,XC_H_C_low,20240619,B2,A: no timely-ground preemption conflict,3,True,165.726,380.104,214.378,14.274000000000001,False,DISPATCH,161,False
C,XC_H_C_low,20240620,B2,A: no timely-ground preemption conflict,3,True,165.726,380.104,214.378,14.274000000000001,False,DISPATCH,161,False
C,XC_H_H_high,20240601,B2,A: no timely-ground preemption conflict,2,True,174.177,380.104,205.927,125.82300000000001,True,REASSIGN,172,False
C,XC_H_H_high,20240602,B2,A: no timely-ground preemption conflict,2,True,183.111,380.104,196.993,116.88900000000001,True,REASSIGN,181,False
C,XC_H_H_high,20240603,B2,A: no timely-ground preemption conflict,2,True,177.848,380.104,202.25599999999997,122.15199999999999,True,REASSIGN,175,False
C,XC_H_H_high,20240604,B2,A: no timely-ground preemption conflict,2,True,171.36,380.104,208.74399999999997,128.64,True,REASSIGN,156,False
C,XC_H_H_high,20240605,B2,A: no timely-ground preemption conflict,2,True,173.043,380.104,207.06099999999998,126.957,True,REASSIGN,163,False
C,XC_H_H_high,20240606,B2,A: no timely-ground preemption conflict,2,True,169.823,380.104,210.28099999999998,130.177,True,REASSIGN,159,False
C,XC_H_H_high,20240607,B2,A: no timely-ground preemption conflict,2,True,178.862,380.104,201.242,121.138,True,REASSIGN,169,False
C,XC_H_H_high,20240608,B2,A: no timely-ground preemption conflict,2,True,174.198,380.104,205.90599999999998,125.80199999999999,True,REASSIGN,164,False
C,XC_H_H_high,20240609,B2,A: no timely-ground preemption conflict,2,True,188.898,380.104,191.206,111.102,True,REASSIGN,187,False
C,XC_H_H_high,20240610,B2,A: no timely-ground preemption conflict,2,True,186.849,380.104,193.255,113.15100000000001,True,REASSIGN,185,False
C,XC_H_H_high,20240611,B2,A: no timely-ground preemption conflict,2,True,172.773,380.104,207.331,127.227,True,REASSIGN,163,False
C,XC_H_H_high,20240612,B2,A: no timely-ground preemption conflict,2,True,189.811,380.104,190.29299999999998,110.189,True,REASSIGN,188,False
C,XC_H_H_high,20240613,B2,A: no timely-ground preemption conflict,2,True,171.552,380.104,208.552,128.448,True,REASSIGN,162,False
C,XC_H_H_high,20240614,B2,A: no timely-ground preemption conflict,2,True,194.668,380.104,185.43599999999998,105.332,True,REASSIGN,193,False
C,XC_H_H_high,20240615,B2,A: no timely-ground preemption conflict,2,True,192.876,380.104,187.22799999999998,107.124,True,REASSIGN,190,False
C,XC_H_H_high,20240616,B2,A: no timely-ground preemption conflict,2,True,203.13,380.104,176.974,96.87,True,REASSIGN,202,False
C,XC_H_H_high,20240617,B2,A: no timely-ground preemption conflict,2,True,186.109,380.104,193.99499999999998,113.89099999999999,True,REASSIGN,183,False
C,XC_H_H_high,20240618,B2,A: no timely-ground preemption conflict,2,True,174.256,380.104,205.84799999999998,125.744,True,REASSIGN,172,False
C,XC_H_H_high,20240619,B2,A: no timely-ground preemption conflict,2,True,174.444,380.104,205.66,125.55600000000001,True,REASSIGN,174,False
C,XC_H_H_high,20240620,B2,A: no timely-ground preemption conflict,2,True,183.14,380.104,196.964,116.86000000000001,True,REASSIGN,173,False
C,XC_H_H_low,20240601,B2,A: no timely-ground preemption conflict,3,True,165.726,380.104,214.378,134.274,False,DISPATCH,161,False
C,XC_H_H_low,20240602,B2,A: no timely-ground preemption conflict,3,True,165.726,380.104,214.378,134.274,False,DISPATCH,161,False
C,XC_H_H_low,20240603,B2,A: no timely-ground preemption conflict,3,True,165.726,380.104,214.378,134.274,False,DISPATCH,161,False
C,XC_H_H_low,20240604,B2,A: no timely-ground preemption conflict,3,True,165.726,380.104,214.378,134.274,False,DISPATCH,161,False
C,XC_H_H_low,20240605,B2,A: no timely-ground preemption conflict,3,True,165.726,380.104,214.378,134.274,False,DISPATCH,161,False
C,XC_H_H_low,20240606,B2,A: no timely-ground preemption conflict,3,True,165.726,380.104,214.378,134.274,False,DISPATCH,161,False
C,XC_H_H_low,20240607,B2,A: no timely-ground preemption conflict,3,True,165.726,380.104,214.378,134.274,False,DISPATCH,161,False
C,XC_H_H_low,20240608,B2,A: no timely-ground preemption conflict,3,True,165.726,380.104,214.378,134.274,False,DISPATCH,161,False
C,XC_H_H_low,20240609,B2,A: no timely-ground preemption conflict,3,True,165.726,380.104,214.378,134.274,False,DISPATCH,161,False
C,XC_H_H_low,20240610,B2,A: no timely-ground preemption conflict,3,True,165.726,380.104,214.378,134.274,False,DISPATCH,161,False
C,XC_H_H_low,20240611,B2,A: no timely-ground preemption conflict,3,True,165.726,380.104,214.378,134.274,False,DISPATCH,161,False
C,XC_H_H_low,20240612,B2,A: no timely-ground preemption conflict,3,True,165.726,380.104,214.378,134.274,False,DISPATCH,161,False
C,XC_H_H_low,20240613,B2,A: no timely-ground preemption conflict,3,True,165.726,380.104,214.378,134.274,False,DISPATCH,161,False
C,XC_H_H_low,20240614,B2,A: no timely-ground preemption conflict,3,True,165.726,380.104,214.378,134.274,False,DISPATCH,161,False
C,XC_H_H_low,20240615,B2,A: no timely-ground preemption conflict,3,True,165.726,380.104,214.378,134.274,False,DISPATCH,161,False
C,XC_H_H_low,20240616,B2,A: no timely-ground preemption conflict,3,True,165.726,380.104,214.378,134.274,False,DISPATCH,161,False
C,XC_H_H_low,20240617,B2,A: no timely-ground preemption conflict,3,True,165.726,380.104,214.378,134.274,False,DISPATCH,161,False
C,XC_H_H_low,20240618,B2,A: no timely-ground preemption conflict,3,True,165.726,380.104,214.378,134.274,False,DISPATCH,161,False
C,XC_H_H_low,20240619,B2,A: no timely-ground preemption conflict,3,True,165.726,380.104,214.378,134.274,False,DISPATCH,161,False
C,XC_H_H_low,20240620,B2,A: no timely-ground preemption conflict,3,True,165.726,380.104,214.378,134.274,False,DISPATCH,161,False
C,XC_L_C_high,20240601,B2,A: no timely-ground preemption conflict,2,True,174.177,281.081,106.90400000000002,5.8230000000000075,True,REASSIGN,172,False
C,XC_L_C_high,20240602,B2,C: no timely candidate,2,True,183.111,281.081,97.97000000000003,-3.11099999999999,True,REASSIGN,181,True
C,XC_L_C_high,20240603,B2,A: no timely-ground preemption conflict,2,True,177.848,281.081,103.233,2.151999999999987,True,REASSIGN,175,False
C,XC_L_C_high,20240604,B2,A: no timely-ground preemption conflict,2,True,171.36,281.081,109.721,8.639999999999986,True,REASSIGN,156,False
C,XC_L_C_high,20240605,B2,A: no timely-ground preemption conflict,2,True,173.043,281.081,108.03800000000001,6.956999999999994,True,REASSIGN,163,False
C,XC_L_C_high,20240606,B2,A: no timely-ground preemption conflict,2,True,169.823,281.081,111.25800000000001,10.176999999999992,True,REASSIGN,159,False
C,XC_L_C_high,20240607,B2,A: no timely-ground preemption conflict,2,True,178.862,281.081,102.21900000000002,1.1380000000000052,True,REASSIGN,169,False
C,XC_L_C_high,20240608,B2,A: no timely-ground preemption conflict,2,True,174.198,281.081,106.88300000000001,5.8019999999999925,True,REASSIGN,164,False
C,XC_L_C_high,20240609,B2,C: no timely candidate,2,True,188.898,281.081,92.18300000000002,-8.897999999999996,True,REASSIGN,187,True
C,XC_L_C_high,20240610,B2,C: no timely candidate,2,True,186.849,281.081,94.23200000000003,-6.8489999999999895,True,REASSIGN,185,True
C,XC_L_C_high,20240611,B2,A: no timely-ground preemption conflict,2,True,172.773,281.081,108.30800000000002,7.227000000000004,True,REASSIGN,163,False
C,XC_L_C_high,20240612,B2,C: no timely candidate,2,True,189.811,281.081,91.27000000000001,-9.811000000000007,True,REASSIGN,188,True
C,XC_L_C_high,20240613,B2,A: no timely-ground preemption conflict,2,True,171.552,281.081,109.52900000000002,8.448000000000008,True,REASSIGN,162,False
C,XC_L_C_high,20240614,B2,C: no timely candidate,2,True,194.668,281.081,86.41300000000001,-14.668000000000006,True,REASSIGN,193,True
C,XC_L_C_high,20240615,B2,C: no timely candidate,2,True,192.876,281.081,88.20500000000001,-12.876000000000005,True,REASSIGN,190,True
C,XC_L_C_high,20240616,B2,C: no timely candidate,2,True,203.13,281.081,77.95100000000002,-23.129999999999995,True,REASSIGN,202,True
C,XC_L_C_high,20240617,B2,C: no timely candidate,2,True,186.109,281.081,94.97200000000001,-6.109000000000009,True,REASSIGN,183,True
C,XC_L_C_high,20240618,B2,A: no timely-ground preemption conflict,2,True,174.256,281.081,106.82500000000002,5.744,True,REASSIGN,172,False
C,XC_L_C_high,20240619,B2,A: no timely-ground preemption conflict,2,True,174.444,281.081,106.63700000000003,5.556000000000012,True,REASSIGN,174,False
C,XC_L_C_high,20240620,B2,C: no timely candidate,2,True,183.14,281.081,97.94100000000003,-3.1399999999999864,True,REASSIGN,173,False
C,XC_L_C_low,20240601,B2,A: no timely-ground preemption conflict,3,True,165.726,281.081,115.35500000000002,14.274000000000001,False,DISPATCH,161,False
C,XC_L_C_low,20240602,B2,A: no timely-ground preemption conflict,3,True,165.726,281.081,115.35500000000002,14.274000000000001,False,DISPATCH,161,False
C,XC_L_C_low,20240603,B2,A: no timely-ground preemption conflict,3,True,165.726,281.081,115.35500000000002,14.274000000000001,False,DISPATCH,161,False
C,XC_L_C_low,20240604,B2,A: no timely-ground preemption conflict,3,True,165.726,281.081,115.35500000000002,14.274000000000001,False,DISPATCH,161,False
C,XC_L_C_low,20240605,B2,A: no timely-ground preemption conflict,3,True,165.726,281.081,115.35500000000002,14.274000000000001,False,DISPATCH,161,False
C,XC_L_C_low,20240606,B2,A: no timely-ground preemption conflict,3,True,165.726,281.081,115.35500000000002,14.274000000000001,False,DISPATCH,161,False
C,XC_L_C_low,20240607,B2,A: no timely-ground preemption conflict,3,True,165.726,281.081,115.35500000000002,14.274000000000001,False,DISPATCH,161,False
C,XC_L_C_low,20240608,B2,A: no timely-ground preemption conflict,3,True,165.726,281.081,115.35500000000002,14.274000000000001,False,DISPATCH,161,False
C,XC_L_C_low,20240609,B2,A: no timely-ground preemption conflict,3,True,165.726,281.081,115.35500000000002,14.274000000000001,False,DISPATCH,161,False
C,XC_L_C_low,20240610,B2,A: no timely-ground preemption conflict,3,True,165.726,281.081,115.35500000000002,14.274000000000001,False,DISPATCH,161,False
C,XC_L_C_low,20240611,B2,A: no timely-ground preemption conflict,3,True,165.726,281.081,115.35500000000002,14.274000000000001,False,DISPATCH,161,False
C,XC_L_C_low,20240612,B2,A: no timely-ground preemption conflict,3,True,165.726,281.081,115.35500000000002,14.274000000000001,False,DISPATCH,161,False
C,XC_L_C_low,20240613,B2,A: no timely-ground preemption conflict,3,True,165.726,281.081,115.35500000000002,14.274000000000001,False,DISPATCH,161,False
C,XC_L_C_low,20240614,B2,A: no timely-ground preemption conflict,3,True,165.726,281.081,115.35500000000002,14.274000000000001,False,DISPATCH,161,False
C,XC_L_C_low,20240615,B2,A: no timely-ground preemption conflict,3,True,165.726,281.081,115.35500000000002,14.274000000000001,False,DISPATCH,161,False
C,XC_L_C_low,20240616,B2,A: no timely-ground preemption conflict,3,True,165.726,281.081,115.35500000000002,14.274000000000001,False,DISPATCH,161,False
C,XC_L_C_low,20240617,B2,A: no timely-ground preemption conflict,3,True,165.726,281.081,115.35500000000002,14.274000000000001,False,DISPATCH,161,False
C,XC_L_C_low,20240618,B2,A: no timely-ground preemption conflict,3,True,165.726,281.081,115.35500000000002,14.274000000000001,False,DISPATCH,161,False
C,XC_L_C_low,20240619,B2,A: no timely-ground preemption conflict,3,True,165.726,281.081,115.35500000000002,14.274000000000001,False,DISPATCH,161,False
C,XC_L_C_low,20240620,B2,A: no timely-ground preemption conflict,3,True,165.726,281.081,115.35500000000002,14.274000000000001,False,DISPATCH,161,False
C,XC_L_H_high,20240601,B2,B: speed/service conflict,2,True,174.177,281.081,106.90400000000002,125.82300000000001,True,REASSIGN,172,False
C,XC_L_H_high,20240602,B2,B: speed/service conflict,2,True,183.111,281.081,97.97000000000003,116.88900000000001,True,REASSIGN,181,False
C,XC_L_H_high,20240603,B2,B: speed/service conflict,2,True,177.848,281.081,103.233,122.15199999999999,True,REASSIGN,175,False
C,XC_L_H_high,20240604,B2,B: speed/service conflict,2,True,171.36,281.081,109.721,128.64,True,REASSIGN,156,False
C,XC_L_H_high,20240605,B2,B: speed/service conflict,2,True,173.043,281.081,108.03800000000001,126.957,True,REASSIGN,163,False
C,XC_L_H_high,20240606,B2,B: speed/service conflict,2,True,169.823,281.081,111.25800000000001,130.177,True,REASSIGN,159,False
C,XC_L_H_high,20240607,B2,B: speed/service conflict,2,True,178.862,281.081,102.21900000000002,121.138,True,REASSIGN,169,False
C,XC_L_H_high,20240608,B2,B: speed/service conflict,2,True,174.198,281.081,106.88300000000001,125.80199999999999,True,REASSIGN,164,False
C,XC_L_H_high,20240609,B2,B: speed/service conflict,2,True,188.898,281.081,92.18300000000002,111.102,True,REASSIGN,187,False
C,XC_L_H_high,20240610,B2,B: speed/service conflict,2,True,186.849,281.081,94.23200000000003,113.15100000000001,True,REASSIGN,185,False
C,XC_L_H_high,20240611,B2,B: speed/service conflict,2,True,172.773,281.081,108.30800000000002,127.227,True,REASSIGN,163,False
C,XC_L_H_high,20240612,B2,B: speed/service conflict,2,True,189.811,281.081,91.27000000000001,110.189,True,REASSIGN,188,False
C,XC_L_H_high,20240613,B2,B: speed/service conflict,2,True,171.552,281.081,109.52900000000002,128.448,True,REASSIGN,162,False
C,XC_L_H_high,20240614,B2,B: speed/service conflict,2,True,194.668,281.081,86.41300000000001,105.332,True,REASSIGN,193,False
C,XC_L_H_high,20240615,B2,B: speed/service conflict,2,True,192.876,281.081,88.20500000000001,107.124,True,REASSIGN,190,False
C,XC_L_H_high,20240616,B2,B: speed/service conflict,2,True,203.13,281.081,77.95100000000002,96.87,True,REASSIGN,202,False
C,XC_L_H_high,20240617,B2,B: speed/service conflict,2,True,186.109,281.081,94.97200000000001,113.89099999999999,True,REASSIGN,183,False
C,XC_L_H_high,20240618,B2,B: speed/service conflict,2,True,174.256,281.081,106.82500000000002,125.744,True,REASSIGN,172,False
C,XC_L_H_high,20240619,B2,B: speed/service conflict,2,True,174.444,281.081,106.63700000000003,125.55600000000001,True,REASSIGN,174,False
C,XC_L_H_high,20240620,B2,B: speed/service conflict,2,True,183.14,281.081,97.94100000000003,116.86000000000001,True,REASSIGN,173,False
C,XC_L_H_low,20240601,B2,A: no timely-ground preemption conflict,3,True,165.726,281.081,115.35500000000002,134.274,False,DISPATCH,161,False
C,XC_L_H_low,20240602,B2,A: no timely-ground preemption conflict,3,True,165.726,281.081,115.35500000000002,134.274,False,DISPATCH,161,False
C,XC_L_H_low,20240603,B2,A: no timely-ground preemption conflict,3,True,165.726,281.081,115.35500000000002,134.274,False,DISPATCH,161,False
C,XC_L_H_low,20240604,B2,A: no timely-ground preemption conflict,3,True,165.726,281.081,115.35500000000002,134.274,False,DISPATCH,161,False
C,XC_L_H_low,20240605,B2,A: no timely-ground preemption conflict,3,True,165.726,281.081,115.35500000000002,134.274,False,DISPATCH,161,False
C,XC_L_H_low,20240606,B2,A: no timely-ground preemption conflict,3,True,165.726,281.081,115.35500000000002,134.274,False,DISPATCH,161,False
C,XC_L_H_low,20240607,B2,A: no timely-ground preemption conflict,3,True,165.726,281.081,115.35500000000002,134.274,False,DISPATCH,161,False
C,XC_L_H_low,20240608,B2,A: no timely-ground preemption conflict,3,True,165.726,281.081,115.35500000000002,134.274,False,DISPATCH,161,False
C,XC_L_H_low,20240609,B2,A: no timely-ground preemption conflict,3,True,165.726,281.081,115.35500000000002,134.274,False,DISPATCH,161,False
C,XC_L_H_low,20240610,B2,A: no timely-ground preemption conflict,3,True,165.726,281.081,115.35500000000002,134.274,False,DISPATCH,161,False
C,XC_L_H_low,20240611,B2,A: no timely-ground preemption conflict,3,True,165.726,281.081,115.35500000000002,134.274,False,DISPATCH,161,False
C,XC_L_H_low,20240612,B2,A: no timely-ground preemption conflict,3,True,165.726,281.081,115.35500000000002,134.274,False,DISPATCH,161,False
C,XC_L_H_low,20240613,B2,A: no timely-ground preemption conflict,3,True,165.726,281.081,115.35500000000002,134.274,False,DISPATCH,161,False
C,XC_L_H_low,20240614,B2,A: no timely-ground preemption conflict,3,True,165.726,281.081,115.35500000000002,134.274,False,DISPATCH,161,False
C,XC_L_H_low,20240615,B2,A: no timely-ground preemption conflict,3,True,165.726,281.081,115.35500000000002,134.274,False,DISPATCH,161,False
C,XC_L_H_low,20240616,B2,A: no timely-ground preemption conflict,3,True,165.726,281.081,115.35500000000002,134.274,False,DISPATCH,161,False
C,XC_L_H_low,20240617,B2,A: no timely-ground preemption conflict,3,True,165.726,281.081,115.35500000000002,134.274,False,DISPATCH,161,False
C,XC_L_H_low,20240618,B2,A: no timely-ground preemption conflict,3,True,165.726,281.081,115.35500000000002,134.274,False,DISPATCH,161,False
C,XC_L_H_low,20240619,B2,A: no timely-ground preemption conflict,3,True,165.726,281.081,115.35500000000002,134.274,False,DISPATCH,161,False
C,XC_L_H_low,20240620,B2,A: no timely-ground preemption conflict,3,True,165.726,281.081,115.35500000000002,134.274,False,DISPATCH,161,False
C,XC_M_C_high,20240601,B2,A: no timely-ground preemption conflict,2,True,174.177,310.135,135.958,5.8230000000000075,True,REASSIGN,172,False
C,XC_M_C_high,20240602,B2,C: no timely candidate,2,True,183.111,310.135,127.024,-3.11099999999999,True,REASSIGN,181,True
C,XC_M_C_high,20240603,B2,A: no timely-ground preemption conflict,2,True,177.848,310.135,132.28699999999998,2.151999999999987,True,REASSIGN,175,False
C,XC_M_C_high,20240604,B2,A: no timely-ground preemption conflict,2,True,171.36,310.135,138.77499999999998,8.639999999999986,True,REASSIGN,156,False
C,XC_M_C_high,20240605,B2,A: no timely-ground preemption conflict,2,True,173.043,310.135,137.09199999999998,6.956999999999994,True,REASSIGN,163,False
C,XC_M_C_high,20240606,B2,A: no timely-ground preemption conflict,2,True,169.823,310.135,140.31199999999998,10.176999999999992,True,REASSIGN,159,False
C,XC_M_C_high,20240607,B2,A: no timely-ground preemption conflict,2,True,178.862,310.135,131.273,1.1380000000000052,True,REASSIGN,169,False
C,XC_M_C_high,20240608,B2,A: no timely-ground preemption conflict,2,True,174.198,310.135,135.93699999999998,5.8019999999999925,True,REASSIGN,164,False
C,XC_M_C_high,20240609,B2,C: no timely candidate,2,True,188.898,310.135,121.237,-8.897999999999996,True,REASSIGN,187,True
C,XC_M_C_high,20240610,B2,C: no timely candidate,2,True,186.849,310.135,123.286,-6.8489999999999895,True,REASSIGN,185,True
C,XC_M_C_high,20240611,B2,A: no timely-ground preemption conflict,2,True,172.773,310.135,137.362,7.227000000000004,True,REASSIGN,163,False
C,XC_M_C_high,20240612,B2,C: no timely candidate,2,True,189.811,310.135,120.32399999999998,-9.811000000000007,True,REASSIGN,188,True
C,XC_M_C_high,20240613,B2,A: no timely-ground preemption conflict,2,True,171.552,310.135,138.583,8.448000000000008,True,REASSIGN,162,False
C,XC_M_C_high,20240614,B2,C: no timely candidate,2,True,194.668,310.135,115.46699999999998,-14.668000000000006,True,REASSIGN,193,True
C,XC_M_C_high,20240615,B2,C: no timely candidate,2,True,192.876,310.135,117.25899999999999,-12.876000000000005,True,REASSIGN,190,True
C,XC_M_C_high,20240616,B2,C: no timely candidate,2,True,203.13,310.135,107.005,-23.129999999999995,True,REASSIGN,202,True
C,XC_M_C_high,20240617,B2,C: no timely candidate,2,True,186.109,310.135,124.02599999999998,-6.109000000000009,True,REASSIGN,183,True
C,XC_M_C_high,20240618,B2,A: no timely-ground preemption conflict,2,True,174.256,310.135,135.879,5.744,True,REASSIGN,172,False
C,XC_M_C_high,20240619,B2,A: no timely-ground preemption conflict,2,True,174.444,310.135,135.691,5.556000000000012,True,REASSIGN,174,False
C,XC_M_C_high,20240620,B2,C: no timely candidate,2,True,183.14,310.135,126.995,-3.1399999999999864,True,REASSIGN,173,False
C,XC_M_C_low,20240601,B2,A: no timely-ground preemption conflict,3,True,165.726,310.135,144.409,14.274000000000001,False,DISPATCH,161,False
C,XC_M_C_low,20240602,B2,A: no timely-ground preemption conflict,3,True,165.726,310.135,144.409,14.274000000000001,False,DISPATCH,161,False
C,XC_M_C_low,20240603,B2,A: no timely-ground preemption conflict,3,True,165.726,310.135,144.409,14.274000000000001,False,DISPATCH,161,False
C,XC_M_C_low,20240604,B2,A: no timely-ground preemption conflict,3,True,165.726,310.135,144.409,14.274000000000001,False,DISPATCH,161,False
C,XC_M_C_low,20240605,B2,A: no timely-ground preemption conflict,3,True,165.726,310.135,144.409,14.274000000000001,False,DISPATCH,161,False
C,XC_M_C_low,20240606,B2,A: no timely-ground preemption conflict,3,True,165.726,310.135,144.409,14.274000000000001,False,DISPATCH,161,False
C,XC_M_C_low,20240607,B2,A: no timely-ground preemption conflict,3,True,165.726,310.135,144.409,14.274000000000001,False,DISPATCH,161,False
C,XC_M_C_low,20240608,B2,A: no timely-ground preemption conflict,3,True,165.726,310.135,144.409,14.274000000000001,False,DISPATCH,161,False
C,XC_M_C_low,20240609,B2,A: no timely-ground preemption conflict,3,True,165.726,310.135,144.409,14.274000000000001,False,DISPATCH,161,False
C,XC_M_C_low,20240610,B2,A: no timely-ground preemption conflict,3,True,165.726,310.135,144.409,14.274000000000001,False,DISPATCH,161,False
C,XC_M_C_low,20240611,B2,A: no timely-ground preemption conflict,3,True,165.726,310.135,144.409,14.274000000000001,False,DISPATCH,161,False
C,XC_M_C_low,20240612,B2,A: no timely-ground preemption conflict,3,True,165.726,310.135,144.409,14.274000000000001,False,DISPATCH,161,False
C,XC_M_C_low,20240613,B2,A: no timely-ground preemption conflict,3,True,165.726,310.135,144.409,14.274000000000001,False,DISPATCH,161,False
C,XC_M_C_low,20240614,B2,A: no timely-ground preemption conflict,3,True,165.726,310.135,144.409,14.274000000000001,False,DISPATCH,161,False
C,XC_M_C_low,20240615,B2,A: no timely-ground preemption conflict,3,True,165.726,310.135,144.409,14.274000000000001,False,DISPATCH,161,False
C,XC_M_C_low,20240616,B2,A: no timely-ground preemption conflict,3,True,165.726,310.135,144.409,14.274000000000001,False,DISPATCH,161,False
C,XC_M_C_low,20240617,B2,A: no timely-ground preemption conflict,3,True,165.726,310.135,144.409,14.274000000000001,False,DISPATCH,161,False
C,XC_M_C_low,20240618,B2,A: no timely-ground preemption conflict,3,True,165.726,310.135,144.409,14.274000000000001,False,DISPATCH,161,False
C,XC_M_C_low,20240619,B2,A: no timely-ground preemption conflict,3,True,165.726,310.135,144.409,14.274000000000001,False,DISPATCH,161,False
C,XC_M_C_low,20240620,B2,A: no timely-ground preemption conflict,3,True,165.726,310.135,144.409,14.274000000000001,False,DISPATCH,161,False
C,XC_M_H_high,20240601,B2,A: no timely-ground preemption conflict,2,True,174.177,310.135,135.958,125.82300000000001,True,REASSIGN,172,False
C,XC_M_H_high,20240602,B2,A: no timely-ground preemption conflict,2,True,183.111,310.135,127.024,116.88900000000001,True,REASSIGN,181,False
C,XC_M_H_high,20240603,B2,A: no timely-ground preemption conflict,2,True,177.848,310.135,132.28699999999998,122.15199999999999,True,REASSIGN,175,False
C,XC_M_H_high,20240604,B2,A: no timely-ground preemption conflict,2,True,171.36,310.135,138.77499999999998,128.64,True,REASSIGN,156,False
C,XC_M_H_high,20240605,B2,A: no timely-ground preemption conflict,2,True,173.043,310.135,137.09199999999998,126.957,True,REASSIGN,163,False
C,XC_M_H_high,20240606,B2,A: no timely-ground preemption conflict,2,True,169.823,310.135,140.31199999999998,130.177,True,REASSIGN,159,False
C,XC_M_H_high,20240607,B2,A: no timely-ground preemption conflict,2,True,178.862,310.135,131.273,121.138,True,REASSIGN,169,False
C,XC_M_H_high,20240608,B2,A: no timely-ground preemption conflict,2,True,174.198,310.135,135.93699999999998,125.80199999999999,True,REASSIGN,164,False
C,XC_M_H_high,20240609,B2,A: no timely-ground preemption conflict,2,True,188.898,310.135,121.237,111.102,True,REASSIGN,187,False
C,XC_M_H_high,20240610,B2,A: no timely-ground preemption conflict,2,True,186.849,310.135,123.286,113.15100000000001,True,REASSIGN,185,False
C,XC_M_H_high,20240611,B2,A: no timely-ground preemption conflict,2,True,172.773,310.135,137.362,127.227,True,REASSIGN,163,False
C,XC_M_H_high,20240612,B2,A: no timely-ground preemption conflict,2,True,189.811,310.135,120.32399999999998,110.189,True,REASSIGN,188,False
C,XC_M_H_high,20240613,B2,A: no timely-ground preemption conflict,2,True,171.552,310.135,138.583,128.448,True,REASSIGN,162,False
C,XC_M_H_high,20240614,B2,A: no timely-ground preemption conflict,2,True,194.668,310.135,115.46699999999998,105.332,True,REASSIGN,193,False
C,XC_M_H_high,20240615,B2,A: no timely-ground preemption conflict,2,True,192.876,310.135,117.25899999999999,107.124,True,REASSIGN,190,False
C,XC_M_H_high,20240616,B2,A: no timely-ground preemption conflict,2,True,203.13,310.135,107.005,96.87,True,REASSIGN,202,False
C,XC_M_H_high,20240617,B2,A: no timely-ground preemption conflict,2,True,186.109,310.135,124.02599999999998,113.89099999999999,True,REASSIGN,183,False
C,XC_M_H_high,20240618,B2,A: no timely-ground preemption conflict,2,True,174.256,310.135,135.879,125.744,True,REASSIGN,172,False
C,XC_M_H_high,20240619,B2,A: no timely-ground preemption conflict,2,True,174.444,310.135,135.691,125.55600000000001,True,REASSIGN,174,False
C,XC_M_H_high,20240620,B2,A: no timely-ground preemption conflict,2,True,183.14,310.135,126.995,116.86000000000001,True,REASSIGN,173,False
C,XC_M_H_low,20240601,B2,A: no timely-ground preemption conflict,3,True,165.726,310.135,144.409,134.274,False,DISPATCH,161,False
C,XC_M_H_low,20240602,B2,A: no timely-ground preemption conflict,3,True,165.726,310.135,144.409,134.274,False,DISPATCH,161,False
C,XC_M_H_low,20240603,B2,A: no timely-ground preemption conflict,3,True,165.726,310.135,144.409,134.274,False,DISPATCH,161,False
C,XC_M_H_low,20240604,B2,A: no timely-ground preemption conflict,3,True,165.726,310.135,144.409,134.274,False,DISPATCH,161,False
C,XC_M_H_low,20240605,B2,A: no timely-ground preemption conflict,3,True,165.726,310.135,144.409,134.274,False,DISPATCH,161,False
C,XC_M_H_low,20240606,B2,A: no timely-ground preemption conflict,3,True,165.726,310.135,144.409,134.274,False,DISPATCH,161,False
C,XC_M_H_low,20240607,B2,A: no timely-ground preemption conflict,3,True,165.726,310.135,144.409,134.274,False,DISPATCH,161,False
C,XC_M_H_low,20240608,B2,A: no timely-ground preemption conflict,3,True,165.726,310.135,144.409,134.274,False,DISPATCH,161,False
C,XC_M_H_low,20240609,B2,A: no timely-ground preemption conflict,3,True,165.726,310.135,144.409,134.274,False,DISPATCH,161,False
C,XC_M_H_low,20240610,B2,A: no timely-ground preemption conflict,3,True,165.726,310.135,144.409,134.274,False,DISPATCH,161,False
C,XC_M_H_low,20240611,B2,A: no timely-ground preemption conflict,3,True,165.726,310.135,144.409,134.274,False,DISPATCH,161,False
C,XC_M_H_low,20240612,B2,A: no timely-ground preemption conflict,3,True,165.726,310.135,144.409,134.274,False,DISPATCH,161,False
C,XC_M_H_low,20240613,B2,A: no timely-ground preemption conflict,3,True,165.726,310.135,144.409,134.274,False,DISPATCH,161,False
C,XC_M_H_low,20240614,B2,A: no timely-ground preemption conflict,3,True,165.726,310.135,144.409,134.274,False,DISPATCH,161,False
C,XC_M_H_low,20240615,B2,A: no timely-ground preemption conflict,3,True,165.726,310.135,144.409,134.274,False,DISPATCH,161,False
C,XC_M_H_low,20240616,B2,A: no timely-ground preemption conflict,3,True,165.726,310.135,144.409,134.274,False,DISPATCH,161,False
C,XC_M_H_low,20240617,B2,A: no timely-ground preemption conflict,3,True,165.726,310.135,144.409,134.274,False,DISPATCH,161,False
C,XC_M_H_low,20240618,B2,A: no timely-ground preemption conflict,3,True,165.726,310.135,144.409,134.274,False,DISPATCH,161,False
C,XC_M_H_low,20240619,B2,A: no timely-ground preemption conflict,3,True,165.726,310.135,144.409,134.274,False,DISPATCH,161,False
C,XC_M_H_low,20240620,B2,A: no timely-ground preemption conflict,3,True,165.726,310.135,144.409,134.274,False,DISPATCH,161,False
